id,type,startDate,endDate
535346,loan,2015-10-01,2020-10-07
75757,drawing,2015-10-08,2018-10-07
757233,drawing,2016-06-08,2020-10-07
2,loan,2015-10-01,2020-10-07
22,drawing,2015-10-01,2020-10-07
3,loan,2015-10-01,2020-10-07
4,loan,2015-10-01,2020-10-06
5,loan,2015-10-01,2020-10-05
6,loan,2015-10-01,2020-10-04
7,loan,2015-10-01,2020-10-03
8,loan,2015-10-01,2020-10-02
9,loan,2015-10-01,2020-10-01
10,loan,2015-10-01,2020-10-01
11,loan,2015-10-01,2020-10-01
12,loan,2015-10-01,2020-10-01
13,loan,2015-10-01,2020-10-01
14,loan,2015-10-01,2020-10-01
15,loan,2015-10-01,2020-10-01
16,loan,2015-10-01,2020-10-01
17,loan,2015-10-01,2020-10-01
18,loan,2015-10-01,2020-10-01
19,loan,2015-10-01,2020-10-01
20,loan,2015-10-01,2020-10-01
21,loan,2015-10-01,2020-10-01
23,loan,2015-10-01,2020-10-01
24,loan,2015-10-01,2020-10-01
25,loan,2015-10-01,2020-10-01
26,loan,2015-10-01,2020-10-01
27,loan,2015-10-01,2020-10-01
28,loan,2015-10-01,2020-10-01
29,loan,2015-10-01,2020-10-01
30,loan,2015-10-01,2020-10-01
31,loan,2015-10-01,2020-10-01
32,loan,2015-10-01,2020-10-01
33,loan,2015-10-01,2020-10-01
34,loan,2015-10-01,2020-10-01
35,loan,2015-10-01,2020-10-01
36,loan,2015-10-01,2020-10-01
37,loan,2015-10-01,2020-10-01
38,loan,2015-10-01,2020-10-01
39,loan,2015-10-01,2020-10-01
40,loan,2015-10-01,2020-10-01
41,loan,2015-10-01,2020-10-01
42,loan,2015-10-01,2020-10-01
43,loan,2015-10-01,2020-10-01
44,loan,2015-10-01,2020-10-01
45,loan,2015-10-01,2020-10-01
46,loan,2015-10-01,2020-10-01
47,loan,2015-10-01,2020-10-01
48,loan,2015-10-01,2020-10-01
49,loan,2015-10-01,2020-10-01
50,loan,2015-10-01,2020-10-01
51,loan,2015-10-01,2020-10-01
52,loan,2015-10-01,2020-10-01
53,loan,2015-10-01,2020-10-01
54,loan,2015-10-01,2020-10-01
55,loan,2015-10-01,2020-10-01
56,loan,2015-10-01,2020-10-01
57,loan,2015-10-01,2020-10-01
58,loan,2015-10-01,2020-10-01
59,loan,2015-10-01,2020-10-01
60,loan,2015-10-01,2020-10-01
61,loan,2015-10-01,2020-10-01
62,loan,2015-10-01,2020-10-01
63,loan,2015-10-01,2020-10-01
64,loan,2015-10-01,2020-10-01
65,loan,2015-10-01,2020-10-01
66,loan,2015-10-01,2020-10-01
67,loan,2015-10-01,2020-10-01
68,loan,2015-10-01,2020-10-01
69,loan,2015-10-01,2020-10-01
70,loan,2015-10-01,2020-10-01
71,loan,2015-10-01,2020-10-01
72,loan,2015-10-01,2020-10-01
73,loan,2015-10-01,2020-10-01
74,loan,2015-10-01,2020-10-01
75,loan,2015-10-01,2020-10-01
76,loan,2015-10-01,2020-10-01
77,loan,2015-10-01,2020-10-01
78,loan,2015-10-01,2020-10-01
79,loan,2015-10-01,2020-10-01
80,loan,2015-10-01,2020-10-01
81,loan,2015-10-01,2020-10-01
82,loan,2015-10-01,2020-10-01
83,loan,2015-10-01,2020-10-01
84,loan,2015-10-01,2020-10-01
85,loan,2015-10-01,2020-10-01
86,loan,2015-10-01,2020-10-01
87,loan,2015-10-01,2020-10-01
88,loan,2015-10-01,2020-10-01
89,loan,2015-10-01,2020-10-01
90,loan,2015-10-01,2020-10-01
91,loan,2015-10-01,2020-10-01
92,loan,2015-10-01,2020-10-01
93,loan,2015-10-01,2020-10-01
94,loan,2015-10-01,2020-10-01
95,loan,2015-10-01,2020-10-01
96,loan,2015-10-01,2020-10-01
97,loan,2015-10-01,2020-10-01
98,loan,2015-10-01,2020-10-01
99,loan,2015-10-01,2020-10-01
100,loan,2015-10-01,2020-10-01
101,loan,2015-10-01,2020-10-01
102,loan,2015-10-01,2020-10-01
103,loan,2015-10-01,2020-10-01
104,loan,2015-10-01,2020-10-01
105,loan,2015-10-01,2020-10-01
106,loan,2015-10-01,2020-10-01
107,loan,2015-10-01,2020-10-01
108,loan,2015-10-01,2020-10-01
109,loan,2015-10-01,2020-10-01
110,loan,2015-10-01,2020-10-01
111,loan,2015-10-01,2020-10-01
112,loan,2015-10-01,2020-10-01
113,loan,2015-10-01,2020-10-01
114,loan,2015-10-01,2020-10-01
115,loan,2015-10-01,2020-10-01
116,loan,2015-10-01,2020-10-01
117,loan,2015-10-01,2020-10-01
118,loan,2015-10-01,2020-10-01
119,loan,2015-10-01,2020-10-01
120,loan,2015-10-01,2020-10-01
121,loan,2015-10-01,2020-10-01
122,loan,2015-10-01,2020-10-01
123,loan,2015-10-01,2020-10-01
124,loan,2015-10-01,2020-10-01
125,loan,2015-10-01,2020-10-01
126,loan,2015-10-01,2020-10-01
127,loan,2015-10-01,2020-10-01
128,loan,2015-10-01,2020-10-01
129,loan,2015-10-01,2020-10-01
130,loan,2015-10-01,2020-10-01
131,loan,2015-10-01,2020-10-01
132,loan,2015-10-01,2020-10-01
133,loan,2015-10-01,2020-10-01
134,loan,2015-10-01,2020-10-01
135,loan,2015-10-01,2020-10-01
136,loan,2015-10-01,2020-10-01
137,loan,2015-10-01,2020-10-01
138,loan,2015-10-01,2020-10-01
139,loan,2015-10-01,2020-10-01
140,loan,2015-10-01,2020-10-01
141,loan,2015-10-01,2020-10-01
142,loan,2015-10-01,2020-10-01
143,loan,2015-10-01,2020-10-01
144,loan,2015-10-01,2020-10-01
145,loan,2015-10-01,2020-10-01
146,loan,2015-10-01,2020-10-01
147,loan,2015-10-01,2020-10-01
148,loan,2015-10-01,2020-10-01
149,loan,2015-10-01,2020-10-01
150,loan,2015-10-01,2020-10-01
151,loan,2015-10-01,2020-10-01
152,loan,2015-10-01,2020-10-01
153,loan,2015-10-01,2020-10-01
154,loan,2015-10-01,2020-10-01
155,loan,2015-10-01,2020-10-01
156,loan,2015-10-01,2020-10-01
157,loan,2015-10-01,2020-10-01
158,loan,2015-10-01,2020-10-01
159,loan,2015-10-01,2020-10-01
160,loan,2015-10-01,2020-10-01
161,loan,2015-10-01,2020-10-01
162,loan,2015-10-01,2020-10-01
163,loan,2015-10-01,2020-10-01
164,loan,2015-10-01,2020-10-01
165,loan,2015-10-01,2020-10-01
166,loan,2015-10-01,2020-10-01
167,loan,2015-10-01,2020-10-01
168,loan,2015-10-01,2020-10-01
169,loan,2015-10-01,2020-10-01
170,loan,2015-10-01,2020-10-01
171,loan,2015-10-01,2020-10-01
172,loan,2015-10-01,2020-10-01
173,loan,2015-10-01,2020-10-01
174,loan,2015-10-01,2020-10-01
175,loan,2015-10-01,2020-10-01
176,loan,2015-10-01,2020-10-01
177,loan,2015-10-01,2020-10-01
178,loan,2015-10-01,2020-10-01
179,loan,2015-10-01,2020-10-01
180,loan,2015-10-01,2020-10-01
181,loan,2015-10-01,2020-10-01
182,loan,2015-10-01,2020-10-01
183,loan,2015-10-01,2020-10-01
184,loan,2015-10-01,2020-10-01
185,loan,2015-10-01,2020-10-01
186,loan,2015-10-01,2020-10-01
187,loan,2015-10-01,2020-10-01
188,loan,2015-10-01,2020-10-01
189,loan,2015-10-01,2020-10-01
190,loan,2015-10-01,2020-10-01
191,loan,2015-10-01,2020-10-01
192,loan,2015-10-01,2020-10-01
193,loan,2015-10-01,2020-10-01
194,loan,2015-10-01,2020-10-01
195,loan,2015-10-01,2020-10-01
196,loan,2015-10-01,2020-10-01
197,loan,2015-10-01,2020-10-01
198,loan,2015-10-01,2020-10-01
199,loan,2015-10-01,2020-10-01
200,loan,2015-10-01,2020-10-01
201,loan,2015-10-01,2020-10-01
202,loan,2015-10-01,2020-10-01
203,loan,2015-10-01,2020-10-01
204,loan,2015-10-01,2020-10-01
205,loan,2015-10-01,2020-10-01
206,loan,2015-10-01,2020-10-01
207,loan,2015-10-01,2020-10-01
208,loan,2015-10-01,2020-10-01
209,loan,2015-10-01,2020-10-01
210,loan,2015-10-01,2020-10-01
211,loan,2015-10-01,2020-10-01
212,loan,2015-10-01,2020-10-01
213,loan,2015-10-01,2020-10-01
214,loan,2015-10-01,2020-10-01
215,loan,2015-10-01,2020-10-01
216,loan,2015-10-01,2020-10-01
217,loan,2015-10-01,2020-10-01
218,loan,2015-10-01,2020-10-01
219,loan,2015-10-01,2020-10-01
220,loan,2015-10-01,2020-10-01
221,loan,2015-10-01,2020-10-01
222,loan,2015-10-01,2020-10-01
223,loan,2015-10-01,2020-10-01
224,loan,2015-10-01,2020-10-01
225,loan,2015-10-01,2020-10-01
226,loan,2015-10-01,2020-10-01
227,loan,2015-10-01,2020-10-01
228,loan,2015-10-01,2020-10-01
229,loan,2015-10-01,2020-10-01
230,loan,2015-10-01,2020-10-01
231,loan,2015-10-01,2020-10-01
232,loan,2015-10-01,2020-10-01
233,loan,2015-10-01,2020-10-01
234,loan,2015-10-01,2020-10-01
235,loan,2015-10-01,2020-10-01
236,loan,2015-10-01,2020-10-01
237,loan,2015-10-01,2020-10-01
238,loan,2015-10-01,2020-10-01
239,loan,2015-10-01,2020-10-01
240,loan,2015-10-01,2020-10-01
241,loan,2015-10-01,2020-10-01
242,loan,2015-10-01,2020-10-01
243,loan,2015-10-01,2020-10-01
244,loan,2015-10-01,2020-10-01
245,loan,2015-10-01,2020-10-01
246,loan,2015-10-01,2020-10-01
247,loan,2015-10-01,2020-10-01
248,loan,2015-10-01,2020-10-01
249,loan,2015-10-01,2020-10-01
250,loan,2015-10-01,2020-10-01
251,loan,2015-10-01,2020-10-01
252,loan,2015-10-01,2020-10-01
253,loan,2015-10-01,2020-10-01
254,loan,2015-10-01,2020-10-01
255,loan,2015-10-01,2020-10-01
256,loan,2015-10-01,2020-10-01
257,loan,2015-10-01,2020-10-01
258,loan,2015-10-01,2020-10-01
259,loan,2015-10-01,2020-10-01
260,loan,2015-10-01,2020-10-01
261,loan,2015-10-01,2020-10-01
262,loan,2015-10-01,2020-10-01
263,loan,2015-10-01,2020-10-01
264,loan,2015-10-01,2020-10-01
265,loan,2015-10-01,2020-10-01
266,loan,2015-10-01,2020-10-01
267,loan,2015-10-01,2020-10-01
268,loan,2015-10-01,2020-10-01
269,loan,2015-10-01,2020-10-01
270,loan,2015-10-01,2020-10-01
271,loan,2015-10-01,2020-10-01
272,loan,2015-10-01,2020-10-01
273,loan,2015-10-01,2020-10-01
274,loan,2015-10-01,2020-10-01
275,loan,2015-10-01,2020-10-01
276,loan,2015-10-01,2020-10-01
277,loan,2015-10-01,2020-10-01
278,loan,2015-10-01,2020-10-01
279,loan,2015-10-01,2020-10-01
280,loan,2015-10-01,2020-10-01
281,loan,2015-10-01,2020-10-01
282,loan,2015-10-01,2020-10-01
283,loan,2015-10-01,2020-10-01
284,loan,2015-10-01,2020-10-01
285,loan,2015-10-01,2020-10-01
286,loan,2015-10-01,2020-10-01
287,loan,2015-10-01,2020-10-01
288,loan,2015-10-01,2020-10-01
289,loan,2015-10-01,2020-10-01
290,loan,2015-10-01,2020-10-01
291,loan,2015-10-01,2020-10-01
292,loan,2015-10-01,2020-10-01
293,loan,2015-10-01,2020-10-01
294,loan,2015-10-01,2020-10-01
295,loan,2015-10-01,2020-10-01
296,loan,2015-10-01,2020-10-01
297,loan,2015-10-01,2020-10-01
298,loan,2015-10-01,2020-10-01
299,loan,2015-10-01,2020-10-01
300,loan,2015-10-01,2020-10-01
301,loan,2015-10-01,2020-10-01
302,loan,2015-10-01,2020-10-01
303,loan,2015-10-01,2020-10-01
304,loan,2015-10-01,2020-10-01
305,loan,2015-10-01,2020-10-01
306,loan,2015-10-01,2020-10-01
307,loan,2015-10-01,2020-10-01
308,loan,2015-10-01,2020-10-01
309,loan,2015-10-01,2020-10-01
310,loan,2015-10-01,2020-10-01
311,loan,2015-10-01,2020-10-01
312,loan,2015-10-01,2020-10-01
313,loan,2015-10-01,2020-10-01
314,loan,2015-10-01,2020-10-01
315,loan,2015-10-01,2020-10-01
316,loan,2015-10-01,2020-10-01
317,loan,2015-10-01,2020-10-01
318,loan,2015-10-01,2020-10-01
319,loan,2015-10-01,2020-10-01
320,loan,2015-10-01,2020-10-01
321,loan,2015-10-01,2020-10-01
322,loan,2015-10-01,2020-10-01
323,loan,2015-10-01,2020-10-01
324,loan,2015-10-01,2020-10-01
325,loan,2015-10-01,2020-10-01
326,loan,2015-10-01,2020-10-01
327,loan,2015-10-01,2020-10-01
328,loan,2015-10-01,2020-10-01
329,loan,2015-10-01,2020-10-01
330,loan,2015-10-01,2020-10-01
331,loan,2015-10-01,2020-10-01
332,loan,2015-10-01,2020-10-01
333,loan,2015-10-01,2020-10-01
334,loan,2015-10-01,2020-10-01
335,loan,2015-10-01,2020-10-01
336,loan,2015-10-01,2020-10-01
337,loan,2015-10-01,2020-10-01
338,loan,2015-10-01,2020-10-01
339,loan,2015-10-01,2020-10-01
340,loan,2015-10-01,2020-10-01
341,loan,2015-10-01,2020-10-01
342,loan,2015-10-01,2020-10-01
343,loan,2015-10-01,2020-10-01
344,loan,2015-10-01,2020-10-01
345,loan,2015-10-01,2020-10-01
346,loan,2015-10-01,2020-10-01
347,loan,2015-10-01,2020-10-01
348,loan,2015-10-01,2020-10-01
349,loan,2015-10-01,2020-10-01
350,loan,2015-10-01,2020-10-01
351,loan,2015-10-01,2020-10-01
352,loan,2015-10-01,2020-10-01
353,loan,2015-10-01,2020-10-01
354,loan,2015-10-01,2020-10-01
355,loan,2015-10-01,2020-10-01
356,loan,2015-10-01,2020-10-01
357,loan,2015-10-01,2020-10-01
358,loan,2015-10-01,2020-10-01
359,loan,2015-10-01,2020-10-01
360,loan,2015-10-01,2020-10-01
361,loan,2015-10-01,2020-10-01
362,loan,2015-10-01,2020-10-01
363,loan,2015-10-01,2020-10-01
364,loan,2015-10-01,2020-10-01
365,loan,2015-10-01,2020-10-01
366,loan,2015-10-01,2020-10-01
367,loan,2015-10-01,2020-10-01
368,loan,2015-10-01,2020-10-01
369,loan,2015-10-01,2020-10-01
370,loan,2015-10-01,2020-10-01
371,loan,2015-10-01,2020-10-01
372,loan,2015-10-01,2020-10-01
373,loan,2015-10-01,2020-10-01
374,loan,2015-10-01,2020-10-01
375,loan,2015-10-01,2020-10-01
376,loan,2015-10-01,2020-10-01
377,loan,2015-10-01,2020-10-01
378,loan,2015-10-01,2020-10-01
379,loan,2015-10-01,2020-10-01
380,loan,2015-10-01,2020-10-01
381,loan,2015-10-01,2020-10-01
382,loan,2015-10-01,2020-10-01
383,loan,2015-10-01,2020-10-01
384,loan,2015-10-01,2020-10-01
385,loan,2015-10-01,2020-10-01
386,loan,2015-10-01,2020-10-01
387,loan,2015-10-01,2020-10-01
388,loan,2015-10-01,2020-10-01
389,loan,2015-10-01,2020-10-01
390,loan,2015-10-01,2020-10-01
391,loan,2015-10-01,2020-10-01
392,loan,2015-10-01,2020-10-01
393,loan,2015-10-01,2020-10-01
394,loan,2015-10-01,2020-10-01
395,loan,2015-10-01,2020-10-01
396,loan,2015-10-01,2020-10-01
397,loan,2015-10-01,2020-10-01
398,loan,2015-10-01,2020-10-01
399,loan,2015-10-01,2020-10-01
400,loan,2015-10-01,2020-10-01
401,loan,2015-10-01,2020-10-01
402,loan,2015-10-01,2020-10-01
403,loan,2015-10-01,2020-10-01
404,loan,2015-10-01,2020-10-01
405,loan,2015-10-01,2020-10-01
406,loan,2015-10-01,2020-10-01
407,loan,2015-10-01,2020-10-01
408,loan,2015-10-01,2020-10-01
409,loan,2015-10-01,2020-10-01
410,loan,2015-10-01,2020-10-01
411,loan,2015-10-01,2020-10-01
412,loan,2015-10-01,2020-10-01
413,loan,2015-10-01,2020-10-01
414,loan,2015-10-01,2020-10-01
415,loan,2015-10-01,2020-10-01
416,loan,2015-10-01,2020-10-01
417,loan,2015-10-01,2020-10-01
418,loan,2015-10-01,2020-10-01
419,loan,2015-10-01,2020-10-01
420,loan,2015-10-01,2020-10-01
421,loan,2015-10-01,2020-10-01
422,loan,2015-10-01,2020-10-01
423,loan,2015-10-01,2020-10-01
424,loan,2015-10-01,2020-10-01
425,loan,2015-10-01,2020-10-01
426,loan,2015-10-01,2020-10-01
427,loan,2015-10-01,2020-10-01
428,loan,2015-10-01,2020-10-01
429,loan,2015-10-01,2020-10-01
430,loan,2015-10-01,2020-10-01
431,loan,2015-10-01,2020-10-01
432,loan,2015-10-01,2020-10-01
433,loan,2015-10-01,2020-10-01
434,loan,2015-10-01,2020-10-01
435,loan,2015-10-01,2020-10-01
436,loan,2015-10-01,2020-10-01
437,loan,2015-10-01,2020-10-01
438,loan,2015-10-01,2020-10-01
439,loan,2015-10-01,2020-10-01
440,loan,2015-10-01,2020-10-01
441,loan,2015-10-01,2020-10-01
442,loan,2015-10-01,2020-10-01
443,loan,2015-10-01,2020-10-01
444,loan,2015-10-01,2020-10-01
445,loan,2015-10-01,2020-10-01
446,loan,2015-10-01,2020-10-01
447,loan,2015-10-01,2020-10-01
448,loan,2015-10-01,2020-10-01
449,loan,2015-10-01,2020-10-01
450,loan,2015-10-01,2020-10-01
451,loan,2015-10-01,2020-10-01
452,loan,2015-10-01,2020-10-01
453,loan,2015-10-01,2020-10-01
454,loan,2015-10-01,2020-10-01
455,loan,2015-10-01,2020-10-01
456,loan,2015-10-01,2020-10-01
457,loan,2015-10-01,2020-10-01
458,loan,2015-10-01,2020-10-01
459,loan,2015-10-01,2020-10-01
460,loan,2015-10-01,2020-10-01
461,loan,2015-10-01,2020-10-01
462,loan,2015-10-01,2020-10-01
463,loan,2015-10-01,2020-10-01
464,loan,2015-10-01,2020-10-01
465,loan,2015-10-01,2020-10-01
466,loan,2015-10-01,2020-10-01
467,loan,2015-10-01,2020-10-01
468,loan,2015-10-01,2020-10-01
469,loan,2015-10-01,2020-10-01
470,loan,2015-10-01,2020-10-01
471,loan,2015-10-01,2020-10-01
472,loan,2015-10-01,2020-10-01
473,loan,2015-10-01,2020-10-01
474,loan,2015-10-01,2020-10-01
475,loan,2015-10-01,2020-10-01
476,loan,2015-10-01,2020-10-01
477,loan,2015-10-01,2020-10-01
478,loan,2015-10-01,2020-10-01
479,loan,2015-10-01,2020-10-01
480,loan,2015-10-01,2020-10-01
481,loan,2015-10-01,2020-10-01
482,loan,2015-10-01,2020-10-01
483,loan,2015-10-01,2020-10-01
484,loan,2015-10-01,2020-10-01
485,loan,2015-10-01,2020-10-01
486,loan,2015-10-01,2020-10-01
487,loan,2015-10-01,2020-10-01
488,loan,2015-10-01,2020-10-01
489,loan,2015-10-01,2020-10-01
490,loan,2015-10-01,2020-10-01
491,loan,2015-10-01,2020-10-01
492,loan,2015-10-01,2020-10-01
493,loan,2015-10-01,2020-10-01
494,loan,2015-10-01,2020-10-01
495,loan,2015-10-01,2020-10-01
496,loan,2015-10-01,2020-10-01
497,loan,2015-10-01,2020-10-01
498,loan,2015-10-01,2020-10-01
499,loan,2015-10-01,2020-10-01
500,loan,2015-10-01,2020-10-01
501,loan,2015-10-01,2020-10-01
502,loan,2015-10-01,2020-10-01
503,loan,2015-10-01,2020-10-01
504,loan,2015-10-01,2020-10-01
505,loan,2015-10-01,2020-10-01
506,loan,2015-10-01,2020-10-01
507,loan,2015-10-01,2020-10-01
508,loan,2015-10-01,2020-10-01
509,loan,2015-10-01,2020-10-01
510,loan,2015-10-01,2020-10-01
511,loan,2015-10-01,2020-10-01
512,loan,2015-10-01,2020-10-01
513,loan,2015-10-01,2020-10-01
514,loan,2015-10-01,2020-10-01
515,loan,2015-10-01,2020-10-01
516,loan,2015-10-01,2020-10-01
517,loan,2015-10-01,2020-10-01
518,loan,2015-10-01,2020-10-01
519,loan,2015-10-01,2020-10-01
520,loan,2015-10-01,2020-10-01
521,loan,2015-10-01,2020-10-01
522,loan,2015-10-01,2020-10-01
523,loan,2015-10-01,2020-10-01
524,loan,2015-10-01,2020-10-01
525,loan,2015-10-01,2020-10-01
526,loan,2015-10-01,2020-10-01
527,loan,2015-10-01,2020-10-01
528,loan,2015-10-01,2020-10-01
529,loan,2015-10-01,2020-10-01
530,loan,2015-10-01,2020-10-01
531,loan,2015-10-01,2020-10-01
532,loan,2015-10-01,2020-10-01
533,loan,2015-10-01,2020-10-01
534,loan,2015-10-01,2020-10-01
535,loan,2015-10-01,2020-10-01
536,loan,2015-10-01,2020-10-01
537,loan,2015-10-01,2020-10-01
538,loan,2015-10-01,2020-10-01
539,loan,2015-10-01,2020-10-01
540,loan,2015-10-01,2020-10-01
541,loan,2015-10-01,2020-10-01
542,loan,2015-10-01,2020-10-01
543,loan,2015-10-01,2020-10-01
544,loan,2015-10-01,2020-10-01
545,loan,2015-10-01,2020-10-01
546,loan,2015-10-01,2020-10-01
547,loan,2015-10-01,2020-10-01
548,loan,2015-10-01,2020-10-01
549,loan,2015-10-01,2020-10-01
550,loan,2015-10-01,2020-10-01
551,loan,2015-10-01,2020-10-01
552,loan,2015-10-01,2020-10-01
553,loan,2015-10-01,2020-10-01
554,loan,2015-10-01,2020-10-01
555,loan,2015-10-01,2020-10-01
556,loan,2015-10-01,2020-10-01
557,loan,2015-10-01,2020-10-01
558,loan,2015-10-01,2020-10-01
559,loan,2015-10-01,2020-10-01
560,loan,2015-10-01,2020-10-01
561,loan,2015-10-01,2020-10-01
562,loan,2015-10-01,2020-10-01
563,loan,2015-10-01,2020-10-01
564,loan,2015-10-01,2020-10-01
565,loan,2015-10-01,2020-10-01
566,loan,2015-10-01,2020-10-01
567,loan,2015-10-01,2020-10-01
568,loan,2015-10-01,2020-10-01
569,loan,2015-10-01,2020-10-01
570,loan,2015-10-01,2020-10-01
571,loan,2015-10-01,2020-10-01
572,loan,2015-10-01,2020-10-01
573,loan,2015-10-01,2020-10-01
574,loan,2015-10-01,2020-10-01
575,loan,2015-10-01,2020-10-01
576,loan,2015-10-01,2020-10-01
577,loan,2015-10-01,2020-10-01
578,loan,2015-10-01,2020-10-01
579,loan,2015-10-01,2020-10-01
580,loan,2015-10-01,2020-10-01
581,loan,2015-10-01,2020-10-01
582,loan,2015-10-01,2020-10-01
583,loan,2015-10-01,2020-10-01
584,loan,2015-10-01,2020-10-01
585,loan,2015-10-01,2020-10-01
586,loan,2015-10-01,2020-10-01
587,loan,2015-10-01,2020-10-01
588,loan,2015-10-01,2020-10-01
589,loan,2015-10-01,2020-10-01
590,loan,2015-10-01,2020-10-01
591,loan,2015-10-01,2020-10-01
592,loan,2015-10-01,2020-10-01
593,loan,2015-10-01,2020-10-01
594,loan,2015-10-01,2020-10-01
595,loan,2015-10-01,2020-10-01
596,loan,2015-10-01,2020-10-01
597,loan,2015-10-01,2020-10-01
598,loan,2015-10-01,2020-10-01
599,loan,2015-10-01,2020-10-01
600,loan,2015-10-01,2020-10-01
601,loan,2015-10-01,2020-10-01
602,loan,2015-10-01,2020-10-01
603,loan,2015-10-01,2020-10-01
604,loan,2015-10-01,2020-10-01
605,loan,2015-10-01,2020-10-01
606,loan,2015-10-01,2020-10-01
607,loan,2015-10-01,2020-10-01
608,loan,2015-10-01,2020-10-01
609,loan,2015-10-01,2020-10-01
610,loan,2015-10-01,2020-10-01
611,loan,2015-10-01,2020-10-01
612,loan,2015-10-01,2020-10-01
613,loan,2015-10-01,2020-10-01
614,loan,2015-10-01,2020-10-01
615,loan,2015-10-01,2020-10-01
616,loan,2015-10-01,2020-10-01
617,loan,2015-10-01,2020-10-01
618,loan,2015-10-01,2020-10-01
619,loan,2015-10-01,2020-10-01
620,loan,2015-10-01,2020-10-01
621,loan,2015-10-01,2020-10-01
622,loan,2015-10-01,2020-10-01
623,loan,2015-10-01,2020-10-01
624,loan,2015-10-01,2020-10-01
625,loan,2015-10-01,2020-10-01
626,loan,2015-10-01,2020-10-01
627,loan,2015-10-01,2020-10-01
628,loan,2015-10-01,2020-10-01
629,loan,2015-10-01,2020-10-01
630,loan,2015-10-01,2020-10-01
631,loan,2015-10-01,2020-10-01
632,loan,2015-10-01,2020-10-01
633,loan,2015-10-01,2020-10-01
634,loan,2015-10-01,2020-10-01
635,loan,2015-10-01,2020-10-01
636,loan,2015-10-01,2020-10-01
637,loan,2015-10-01,2020-10-01
638,loan,2015-10-01,2020-10-01
639,loan,2015-10-01,2020-10-01
640,loan,2015-10-01,2020-10-01
641,loan,2015-10-01,2020-10-01
642,loan,2015-10-01,2020-10-01
643,loan,2015-10-01,2020-10-01
644,loan,2015-10-01,2020-10-01
645,loan,2015-10-01,2020-10-01
646,loan,2015-10-01,2020-10-01
647,loan,2015-10-01,2020-10-01
648,loan,2015-10-01,2020-10-01
649,loan,2015-10-01,2020-10-01
650,loan,2015-10-01,2020-10-01
651,loan,2015-10-01,2020-10-01
652,loan,2015-10-01,2020-10-01
653,loan,2015-10-01,2020-10-01
654,loan,2015-10-01,2020-10-01
655,loan,2015-10-01,2020-10-01
656,loan,2015-10-01,2020-10-01
657,loan,2015-10-01,2020-10-01
658,loan,2015-10-01,2020-10-01
659,loan,2015-10-01,2020-10-01
660,loan,2015-10-01,2020-10-01
661,loan,2015-10-01,2020-10-01
662,loan,2015-10-01,2020-10-01
663,loan,2015-10-01,2020-10-01
664,loan,2015-10-01,2020-10-01
665,loan,2015-10-01,2020-10-01
666,loan,2015-10-01,2020-10-01
667,loan,2015-10-01,2020-10-01
668,loan,2015-10-01,2020-10-01
669,loan,2015-10-01,2020-10-01
670,loan,2015-10-01,2020-10-01
671,loan,2015-10-01,2020-10-01
672,loan,2015-10-01,2020-10-01
673,loan,2015-10-01,2020-10-01
674,loan,2015-10-01,2020-10-01
675,loan,2015-10-01,2020-10-01
676,loan,2015-10-01,2020-10-01
677,loan,2015-10-01,2020-10-01
678,loan,2015-10-01,2020-10-01
679,loan,2015-10-01,2020-10-01
680,loan,2015-10-01,2020-10-01
681,loan,2015-10-01,2020-10-01
682,loan,2015-10-01,2020-10-01
683,loan,2015-10-01,2020-10-01
684,loan,2015-10-01,2020-10-01
685,loan,2015-10-01,2020-10-01
686,loan,2015-10-01,2020-10-01
687,loan,2015-10-01,2020-10-01
688,loan,2015-10-01,2020-10-01
689,loan,2015-10-01,2020-10-01
690,loan,2015-10-01,2020-10-01
691,loan,2015-10-01,2020-10-01
692,loan,2015-10-01,2020-10-01
693,loan,2015-10-01,2020-10-01
694,loan,2015-10-01,2020-10-01
695,loan,2015-10-01,2020-10-01
696,loan,2015-10-01,2020-10-01
697,loan,2015-10-01,2020-10-01
698,loan,2015-10-01,2020-10-01
699,loan,2015-10-01,2020-10-01
700,loan,2015-10-01,2020-10-01
701,loan,2015-10-01,2020-10-01
702,loan,2015-10-01,2020-10-01
703,loan,2015-10-01,2020-10-01
704,loan,2015-10-01,2020-10-01
705,loan,2015-10-01,2020-10-01
706,loan,2015-10-01,2020-10-01
707,loan,2015-10-01,2020-10-01
708,loan,2015-10-01,2020-10-01
709,loan,2015-10-01,2020-10-01
710,loan,2015-10-01,2020-10-01
711,loan,2015-10-01,2020-10-01
712,loan,2015-10-01,2020-10-01
713,loan,2015-10-01,2020-10-01
714,loan,2015-10-01,2020-10-01
715,loan,2015-10-01,2020-10-01
716,loan,2015-10-01,2020-10-01
717,loan,2015-10-01,2020-10-01
718,loan,2015-10-01,2020-10-01
719,loan,2015-10-01,2020-10-01
720,loan,2015-10-01,2020-10-01
721,loan,2015-10-01,2020-10-01
722,loan,2015-10-01,2020-10-01
723,loan,2015-10-01,2020-10-01
724,loan,2015-10-01,2020-10-01
725,loan,2015-10-01,2020-10-01
726,loan,2015-10-01,2020-10-01
727,loan,2015-10-01,2020-10-01
728,loan,2015-10-01,2020-10-01
729,loan,2015-10-01,2020-10-01
730,loan,2015-10-01,2020-10-01
731,loan,2015-10-01,2020-10-01
732,loan,2015-10-01,2020-10-01
733,loan,2015-10-01,2020-10-01
734,loan,2015-10-01,2020-10-01
735,loan,2015-10-01,2020-10-01
736,loan,2015-10-01,2020-10-01
737,loan,2015-10-01,2020-10-01
738,loan,2015-10-01,2020-10-01
739,loan,2015-10-01,2020-10-01
740,loan,2015-10-01,2020-10-01
741,loan,2015-10-01,2020-10-01
742,loan,2015-10-01,2020-10-01
743,loan,2015-10-01,2020-10-01
744,loan,2015-10-01,2020-10-01
745,loan,2015-10-01,2020-10-01
746,loan,2015-10-01,2020-10-01
747,loan,2015-10-01,2020-10-01
748,loan,2015-10-01,2020-10-01
749,loan,2015-10-01,2020-10-01
750,loan,2015-10-01,2020-10-01
751,loan,2015-10-01,2020-10-01
752,loan,2015-10-01,2020-10-01
753,loan,2015-10-01,2020-10-01
754,loan,2015-10-01,2020-10-01
755,loan,2015-10-01,2020-10-01
756,loan,2015-10-01,2020-10-01
757,loan,2015-10-01,2020-10-01
758,loan,2015-10-01,2020-10-01
759,loan,2015-10-01,2020-10-01
760,loan,2015-10-01,2020-10-01
761,loan,2015-10-01,2020-10-01
762,loan,2015-10-01,2020-10-01
763,loan,2015-10-01,2020-10-01
764,loan,2015-10-01,2020-10-01
765,loan,2015-10-01,2020-10-01
766,loan,2015-10-01,2020-10-01
767,loan,2015-10-01,2020-10-01
768,loan,2015-10-01,2020-10-01
769,loan,2015-10-01,2020-10-01
770,loan,2015-10-01,2020-10-01
771,loan,2015-10-01,2020-10-01
772,loan,2015-10-01,2020-10-01
773,loan,2015-10-01,2020-10-01
774,loan,2015-10-01,2020-10-01
775,loan,2015-10-01,2020-10-01
776,loan,2015-10-01,2020-10-01
777,loan,2015-10-01,2020-10-01
778,loan,2015-10-01,2020-10-01
779,loan,2015-10-01,2020-10-01
780,loan,2015-10-01,2020-10-01
781,loan,2015-10-01,2020-10-01
782,loan,2015-10-01,2020-10-01
783,loan,2015-10-01,2020-10-01
784,loan,2015-10-01,2020-10-01
785,loan,2015-10-01,2020-10-01
786,loan,2015-10-01,2020-10-01
787,loan,2015-10-01,2020-10-01
788,loan,2015-10-01,2020-10-01
789,loan,2015-10-01,2020-10-01
790,loan,2015-10-01,2020-10-01
791,loan,2015-10-01,2020-10-01
792,loan,2015-10-01,2020-10-01
793,loan,2015-10-01,2020-10-01
794,loan,2015-10-01,2020-10-01
795,loan,2015-10-01,2020-10-01
796,loan,2015-10-01,2020-10-01
797,loan,2015-10-01,2020-10-01
798,loan,2015-10-01,2020-10-01
799,loan,2015-10-01,2020-10-01
800,loan,2015-10-01,2020-10-01
801,loan,2015-10-01,2020-10-01
802,loan,2015-10-01,2020-10-01
803,loan,2015-10-01,2020-10-01
804,loan,2015-10-01,2020-10-01
805,loan,2015-10-01,2020-10-01
806,loan,2015-10-01,2020-10-01
807,loan,2015-10-01,2020-10-01
808,loan,2015-10-01,2020-10-01
809,loan,2015-10-01,2020-10-01
810,loan,2015-10-01,2020-10-01
811,loan,2015-10-01,2020-10-01
812,loan,2015-10-01,2020-10-01
813,loan,2015-10-01,2020-10-01
814,loan,2015-10-01,2020-10-01
815,loan,2015-10-01,2020-10-01
816,loan,2015-10-01,2020-10-01
817,loan,2015-10-01,2020-10-01
818,loan,2015-10-01,2020-10-01
819,loan,2015-10-01,2020-10-01
820,loan,2015-10-01,2020-10-01
821,loan,2015-10-01,2020-10-01
822,loan,2015-10-01,2020-10-01
823,loan,2015-10-01,2020-10-01
824,loan,2015-10-01,2020-10-01
825,loan,2015-10-01,2020-10-01
826,loan,2015-10-01,2020-10-01
827,loan,2015-10-01,2020-10-01
828,loan,2015-10-01,2020-10-01
829,loan,2015-10-01,2020-10-01
830,loan,2015-10-01,2020-10-01
831,loan,2015-10-01,2020-10-01
832,loan,2015-10-01,2020-10-01
833,loan,2015-10-01,2020-10-01
834,loan,2015-10-01,2020-10-01
835,loan,2015-10-01,2020-10-01
836,loan,2015-10-01,2020-10-01
837,loan,2015-10-01,2020-10-01
838,loan,2015-10-01,2020-10-01
839,loan,2015-10-01,2020-10-01
840,loan,2015-10-01,2020-10-01
841,loan,2015-10-01,2020-10-01
842,loan,2015-10-01,2020-10-01
843,loan,2015-10-01,2020-10-01
844,loan,2015-10-01,2020-10-01
845,loan,2015-10-01,2020-10-01
846,loan,2015-10-01,2020-10-01
847,loan,2015-10-01,2020-10-01
848,loan,2015-10-01,2020-10-01
849,loan,2015-10-01,2020-10-01
850,loan,2015-10-01,2020-10-01
851,loan,2015-10-01,2020-10-01
852,loan,2015-10-01,2020-10-01
853,loan,2015-10-01,2020-10-01
854,loan,2015-10-01,2020-10-01
855,loan,2015-10-01,2020-10-01
856,loan,2015-10-01,2020-10-01
857,loan,2015-10-01,2020-10-01
858,loan,2015-10-01,2020-10-01
859,loan,2015-10-01,2020-10-01
860,loan,2015-10-01,2020-10-01
861,loan,2015-10-01,2020-10-01
862,loan,2015-10-01,2020-10-01
863,loan,2015-10-01,2020-10-01
864,loan,2015-10-01,2020-10-01
865,loan,2015-10-01,2020-10-01
866,loan,2015-10-01,2020-10-01
867,loan,2015-10-01,2020-10-01
868,loan,2015-10-01,2020-10-01
869,loan,2015-10-01,2020-10-01
870,loan,2015-10-01,2020-10-01
871,loan,2015-10-01,2020-10-01
872,loan,2015-10-01,2020-10-01
873,loan,2015-10-01,2020-10-01
874,loan,2015-10-01,2020-10-01
875,loan,2015-10-01,2020-10-01
876,loan,2015-10-01,2020-10-01
877,loan,2015-10-01,2020-10-01
878,loan,2015-10-01,2020-10-01
879,loan,2015-10-01,2020-10-01
880,loan,2015-10-01,2020-10-01
881,loan,2015-10-01,2020-10-01
882,loan,2015-10-01,2020-10-01
883,loan,2015-10-01,2020-10-01
884,loan,2015-10-01,2020-10-01
885,loan,2015-10-01,2020-10-01
886,loan,2015-10-01,2020-10-01
887,loan,2015-10-01,2020-10-01
888,loan,2015-10-01,2020-10-01
889,loan,2015-10-01,2020-10-01
890,loan,2015-10-01,2020-10-01
891,loan,2015-10-01,2020-10-01
892,loan,2015-10-01,2020-10-01
893,loan,2015-10-01,2020-10-01
894,loan,2015-10-01,2020-10-01
895,loan,2015-10-01,2020-10-01
896,loan,2015-10-01,2020-10-01
897,loan,2015-10-01,2020-10-01
898,loan,2015-10-01,2020-10-01
899,loan,2015-10-01,2020-10-01
900,loan,2015-10-01,2020-10-01
901,loan,2015-10-01,2020-10-01
902,loan,2015-10-01,2020-10-01
903,loan,2015-10-01,2020-10-01
904,loan,2015-10-01,2020-10-01
905,loan,2015-10-01,2020-10-01
906,loan,2015-10-01,2020-10-01
907,loan,2015-10-01,2020-10-01
908,loan,2015-10-01,2020-10-01
909,loan,2015-10-01,2020-10-01
910,loan,2015-10-01,2020-10-01
911,loan,2015-10-01,2020-10-01
912,loan,2015-10-01,2020-10-01
913,loan,2015-10-01,2020-10-01
914,loan,2015-10-01,2020-10-01
915,loan,2015-10-01,2020-10-01
916,loan,2015-10-01,2020-10-01
917,loan,2015-10-01,2020-10-01
918,loan,2015-10-01,2020-10-01
919,loan,2015-10-01,2020-10-01
920,loan,2015-10-01,2020-10-01
921,loan,2015-10-01,2020-10-01
922,loan,2015-10-01,2020-10-01
923,loan,2015-10-01,2020-10-01
924,loan,2015-10-01,2020-10-01
925,loan,2015-10-01,2020-10-01
926,loan,2015-10-01,2020-10-01
927,loan,2015-10-01,2020-10-01
928,loan,2015-10-01,2020-10-01
929,loan,2015-10-01,2020-10-01
930,loan,2015-10-01,2020-10-01
931,loan,2015-10-01,2020-10-01
932,loan,2015-10-01,2020-10-01
933,loan,2015-10-01,2020-10-01
934,loan,2015-10-01,2020-10-01
935,loan,2015-10-01,2020-10-01
936,loan,2015-10-01,2020-10-01
937,loan,2015-10-01,2020-10-01
938,loan,2015-10-01,2020-10-01
939,loan,2015-10-01,2020-10-01
940,loan,2015-10-01,2020-10-01
941,loan,2015-10-01,2020-10-01
942,loan,2015-10-01,2020-10-01
943,loan,2015-10-01,2020-10-01
944,loan,2015-10-01,2020-10-01
945,loan,2015-10-01,2020-10-01
946,loan,2015-10-01,2020-10-01
947,loan,2015-10-01,2020-10-01
948,loan,2015-10-01,2020-10-01
949,loan,2015-10-01,2020-10-01
950,loan,2015-10-01,2020-10-01
951,loan,2015-10-01,2020-10-01
952,loan,2015-10-01,2020-10-01
953,loan,2015-10-01,2020-10-01
954,loan,2015-10-01,2020-10-01
955,loan,2015-10-01,2020-10-01
956,loan,2015-10-01,2020-10-01
957,loan,2015-10-01,2020-10-01
958,loan,2015-10-01,2020-10-01
959,loan,2015-10-01,2020-10-01
960,loan,2015-10-01,2020-10-01
961,loan,2015-10-01,2020-10-01
962,loan,2015-10-01,2020-10-01
963,loan,2015-10-01,2020-10-01
964,loan,2015-10-01,2020-10-01
965,loan,2015-10-01,2020-10-01
966,loan,2015-10-01,2020-10-01
967,loan,2015-10-01,2020-10-01
968,loan,2015-10-01,2020-10-01
969,loan,2015-10-01,2020-10-01
970,loan,2015-10-01,2020-10-01
971,loan,2015-10-01,2020-10-01
972,loan,2015-10-01,2020-10-01
973,loan,2015-10-01,2020-10-01
974,loan,2015-10-01,2020-10-01
975,loan,2015-10-01,2020-10-01
976,loan,2015-10-01,2020-10-01
977,loan,2015-10-01,2020-10-01
978,loan,2015-10-01,2020-10-01
979,loan,2015-10-01,2020-10-01
980,loan,2015-10-01,2020-10-01
981,loan,2015-10-01,2020-10-01
982,loan,2015-10-01,2020-10-01
983,loan,2015-10-01,2020-10-01
984,loan,2015-10-01,2020-10-01
985,loan,2015-10-01,2020-10-01
986,loan,2015-10-01,2020-10-01
987,loan,2015-10-01,2020-10-01
988,loan,2015-10-01,2020-10-01
989,loan,2015-10-01,2020-10-01
990,loan,2015-10-01,2020-10-01
991,loan,2015-10-01,2020-10-01
992,loan,2015-10-01,2020-10-01
993,loan,2015-10-01,2020-10-01
994,loan,2015-10-01,2020-10-01
995,loan,2015-10-01,2020-10-01
996,loan,2015-10-01,2020-10-01
997,loan,2015-10-01,2020-10-01
998,loan,2015-10-01,2020-10-01
999,loan,2015-10-01,2020-10-01
1000,loan,2015-10-01,2020-10-01
1001,loan,2015-10-01,2020-10-01
1002,loan,2015-10-01,2020-10-01
1003,loan,2015-10-01,2020-10-01
1004,loan,2015-10-01,2020-10-01
1005,loan,2015-10-01,2020-10-01
1006,loan,2015-10-01,2020-10-01
1007,loan,2015-10-01,2020-10-01
1008,loan,2015-10-01,2020-10-01
1009,loan,2015-10-01,2020-10-01
1010,loan,2015-10-01,2020-10-01
1011,loan,2015-10-01,2020-10-01
1012,loan,2015-10-01,2020-10-01
1013,loan,2015-10-01,2020-10-01
1014,loan,2015-10-01,2020-10-01
1015,loan,2015-10-01,2020-10-01
1016,loan,2015-10-01,2020-10-01
1017,loan,2015-10-01,2020-10-01
1018,loan,2015-10-01,2020-10-01
1019,loan,2015-10-01,2020-10-01
1020,loan,2015-10-01,2020-10-01
1021,loan,2015-10-01,2020-10-01
1022,loan,2015-10-01,2020-10-01
1023,loan,2015-10-01,2020-10-01
1024,loan,2015-10-01,2020-10-01
1025,loan,2015-10-01,2020-10-01
1026,loan,2015-10-01,2020-10-01
1027,loan,2015-10-01,2020-10-01
1028,loan,2015-10-01,2020-10-01
1029,loan,2015-10-01,2020-10-01
1030,loan,2015-10-01,2020-10-01
1031,loan,2015-10-01,2020-10-01
1032,loan,2015-10-01,2020-10-01
1033,loan,2015-10-01,2020-10-01
1034,loan,2015-10-01,2020-10-01
1035,loan,2015-10-01,2020-10-01
1036,loan,2015-10-01,2020-10-01
1037,loan,2015-10-01,2020-10-01
1038,loan,2015-10-01,2020-10-01
1039,loan,2015-10-01,2020-10-01
1040,loan,2015-10-01,2020-10-01
1041,loan,2015-10-01,2020-10-01
1042,loan,2015-10-01,2020-10-01
1043,loan,2015-10-01,2020-10-01
1044,loan,2015-10-01,2020-10-01
1045,loan,2015-10-01,2020-10-01
1046,loan,2015-10-01,2020-10-01
1047,loan,2015-10-01,2020-10-01
1048,loan,2015-10-01,2020-10-01
1049,loan,2015-10-01,2020-10-01
1050,loan,2015-10-01,2020-10-01
1051,loan,2015-10-01,2020-10-01
1052,loan,2015-10-01,2020-10-01
1053,loan,2015-10-01,2020-10-01
1054,loan,2015-10-01,2020-10-01
1055,loan,2015-10-01,2020-10-01
1056,loan,2015-10-01,2020-10-01
1057,loan,2015-10-01,2020-10-01
1058,loan,2015-10-01,2020-10-01
1059,loan,2015-10-01,2020-10-01
1060,loan,2015-10-01,2020-10-01
1061,loan,2015-10-01,2020-10-01
1062,loan,2015-10-01,2020-10-01
1063,loan,2015-10-01,2020-10-01
1064,loan,2015-10-01,2020-10-01
1065,loan,2015-10-01,2020-10-01
1066,loan,2015-10-01,2020-10-01
1067,loan,2015-10-01,2020-10-01
1068,loan,2015-10-01,2020-10-01
1069,loan,2015-10-01,2020-10-01
1070,loan,2015-10-01,2020-10-01
1071,loan,2015-10-01,2020-10-01
1072,loan,2015-10-01,2020-10-01
1073,loan,2015-10-01,2020-10-01
1074,loan,2015-10-01,2020-10-01
1075,loan,2015-10-01,2020-10-01
1076,loan,2015-10-01,2020-10-01
1077,loan,2015-10-01,2020-10-01
1078,loan,2015-10-01,2020-10-01
1079,loan,2015-10-01,2020-10-01
1080,loan,2015-10-01,2020-10-01
1081,loan,2015-10-01,2020-10-01
1082,loan,2015-10-01,2020-10-01
1083,loan,2015-10-01,2020-10-01
1084,loan,2015-10-01,2020-10-01
1085,loan,2015-10-01,2020-10-01
1086,loan,2015-10-01,2020-10-01
1087,loan,2015-10-01,2020-10-01
1088,loan,2015-10-01,2020-10-01
1089,loan,2015-10-01,2020-10-01
1090,loan,2015-10-01,2020-10-01
1091,loan,2015-10-01,2020-10-01
1092,loan,2015-10-01,2020-10-01
1093,loan,2015-10-01,2020-10-01
1094,loan,2015-10-01,2020-10-01
1095,loan,2015-10-01,2020-10-01
1096,loan,2015-10-01,2020-10-01
1097,loan,2015-10-01,2020-10-01
1098,loan,2015-10-01,2020-10-01
1099,loan,2015-10-01,2020-10-01
1100,loan,2015-10-01,2020-10-01
1101,loan,2015-10-01,2020-10-01
1102,loan,2015-10-01,2020-10-01
1103,loan,2015-10-01,2020-10-01
1104,loan,2015-10-01,2020-10-01
1105,loan,2015-10-01,2020-10-01
1106,loan,2015-10-01,2020-10-01
1107,loan,2015-10-01,2020-10-01
1108,loan,2015-10-01,2020-10-01
1109,loan,2015-10-01,2020-10-01
1110,loan,2015-10-01,2020-10-01
1111,loan,2015-10-01,2020-10-01
1112,loan,2015-10-01,2020-10-01
1113,loan,2015-10-01,2020-10-01
1114,loan,2015-10-01,2020-10-01
1115,loan,2015-10-01,2020-10-01
1116,loan,2015-10-01,2020-10-01
1117,loan,2015-10-01,2020-10-01
1118,loan,2015-10-01,2020-10-01
1119,loan,2015-10-01,2020-10-01
1120,loan,2015-10-01,2020-10-01
1121,loan,2015-10-01,2020-10-01
1122,loan,2015-10-01,2020-10-01
1123,loan,2015-10-01,2020-10-01
1124,loan,2015-10-01,2020-10-01
1125,loan,2015-10-01,2020-10-01
1126,loan,2015-10-01,2020-10-01
1127,loan,2015-10-01,2020-10-01
1128,loan,2015-10-01,2020-10-01
1129,loan,2015-10-01,2020-10-01
1130,loan,2015-10-01,2020-10-01
1131,loan,2015-10-01,2020-10-01
1132,loan,2015-10-01,2020-10-01
1133,loan,2015-10-01,2020-10-01
1134,loan,2015-10-01,2020-10-01
1135,loan,2015-10-01,2020-10-01
1136,loan,2015-10-01,2020-10-01
1137,loan,2015-10-01,2020-10-01
1138,loan,2015-10-01,2020-10-01
1139,loan,2015-10-01,2020-10-01
1140,loan,2015-10-01,2020-10-01
1141,loan,2015-10-01,2020-10-01
1142,loan,2015-10-01,2020-10-01
1143,loan,2015-10-01,2020-10-01
1144,loan,2015-10-01,2020-10-01
1145,loan,2015-10-01,2020-10-01
1146,loan,2015-10-01,2020-10-01
1147,loan,2015-10-01,2020-10-01
1148,loan,2015-10-01,2020-10-01
1149,loan,2015-10-01,2020-10-01
1150,loan,2015-10-01,2020-10-01
1151,loan,2015-10-01,2020-10-01
1152,loan,2015-10-01,2020-10-01
1153,loan,2015-10-01,2020-10-01
1154,loan,2015-10-01,2020-10-01
1155,loan,2015-10-01,2020-10-01
1156,loan,2015-10-01,2020-10-01
1157,loan,2015-10-01,2020-10-01
1158,loan,2015-10-01,2020-10-01
1159,loan,2015-10-01,2020-10-01
1160,loan,2015-10-01,2020-10-01
1161,loan,2015-10-01,2020-10-01
1162,loan,2015-10-01,2020-10-01
1163,loan,2015-10-01,2020-10-01
1164,loan,2015-10-01,2020-10-01
1165,loan,2015-10-01,2020-10-01
1166,loan,2015-10-01,2020-10-01
1167,loan,2015-10-01,2020-10-01
1168,loan,2015-10-01,2020-10-01
1169,loan,2015-10-01,2020-10-01
1170,loan,2015-10-01,2020-10-01
1171,loan,2015-10-01,2020-10-01
1172,loan,2015-10-01,2020-10-01
1173,loan,2015-10-01,2020-10-01
1174,loan,2015-10-01,2020-10-01
1175,loan,2015-10-01,2020-10-01
1176,loan,2015-10-01,2020-10-01
1177,loan,2015-10-01,2020-10-01
1178,loan,2015-10-01,2020-10-01
1179,loan,2015-10-01,2020-10-01
1180,loan,2015-10-01,2020-10-01
1181,loan,2015-10-01,2020-10-01
1182,loan,2015-10-01,2020-10-01
1183,loan,2015-10-01,2020-10-01
1184,loan,2015-10-01,2020-10-01
1185,loan,2015-10-01,2020-10-01
1186,loan,2015-10-01,2020-10-01
1187,loan,2015-10-01,2020-10-01
1188,loan,2015-10-01,2020-10-01
1189,loan,2015-10-01,2020-10-01
1190,loan,2015-10-01,2020-10-01
1191,loan,2015-10-01,2020-10-01
1192,loan,2015-10-01,2020-10-01
1193,loan,2015-10-01,2020-10-01
1194,loan,2015-10-01,2020-10-01
1195,loan,2015-10-01,2020-10-01
1196,loan,2015-10-01,2020-10-01
1197,loan,2015-10-01,2020-10-01
1198,loan,2015-10-01,2020-10-01
1199,loan,2015-10-01,2020-10-01
1200,loan,2015-10-01,2020-10-01
1201,loan,2015-10-01,2020-10-01
1202,loan,2015-10-01,2020-10-01
1203,loan,2015-10-01,2020-10-01
1204,loan,2015-10-01,2020-10-01
1205,loan,2015-10-01,2020-10-01
1206,loan,2015-10-01,2020-10-01
1207,loan,2015-10-01,2020-10-01
1208,loan,2015-10-01,2020-10-01
1209,loan,2015-10-01,2020-10-01
1210,loan,2015-10-01,2020-10-01
1211,loan,2015-10-01,2020-10-01
1212,loan,2015-10-01,2020-10-01
1213,loan,2015-10-01,2020-10-01
1214,loan,2015-10-01,2020-10-01
1215,loan,2015-10-01,2020-10-01
1216,loan,2015-10-01,2020-10-01
1217,loan,2015-10-01,2020-10-01
1218,loan,2015-10-01,2020-10-01
1219,loan,2015-10-01,2020-10-01
1220,loan,2015-10-01,2020-10-01
1221,loan,2015-10-01,2020-10-01
1222,loan,2015-10-01,2020-10-01
1223,loan,2015-10-01,2020-10-01
1224,loan,2015-10-01,2020-10-01
1225,loan,2015-10-01,2020-10-01
1226,loan,2015-10-01,2020-10-01
1227,loan,2015-10-01,2020-10-01
1228,loan,2015-10-01,2020-10-01
1229,loan,2015-10-01,2020-10-01
1230,loan,2015-10-01,2020-10-01
1231,loan,2015-10-01,2020-10-01
1232,loan,2015-10-01,2020-10-01
1233,loan,2015-10-01,2020-10-01
1234,loan,2015-10-01,2020-10-01
1235,loan,2015-10-01,2020-10-01
1236,loan,2015-10-01,2020-10-01
1237,loan,2015-10-01,2020-10-01
1238,loan,2015-10-01,2020-10-01
1239,loan,2015-10-01,2020-10-01
1240,loan,2015-10-01,2020-10-01
1241,loan,2015-10-01,2020-10-01
1242,loan,2015-10-01,2020-10-01
1243,loan,2015-10-01,2020-10-01
1244,loan,2015-10-01,2020-10-01
1245,loan,2015-10-01,2020-10-01
1246,loan,2015-10-01,2020-10-01
1247,loan,2015-10-01,2020-10-01
1248,loan,2015-10-01,2020-10-01
1249,loan,2015-10-01,2020-10-01
1250,loan,2015-10-01,2020-10-01
1251,loan,2015-10-01,2020-10-01
1252,loan,2015-10-01,2020-10-01
1253,loan,2015-10-01,2020-10-01
1254,loan,2015-10-01,2020-10-01
1255,loan,2015-10-01,2020-10-01
1256,loan,2015-10-01,2020-10-01
1257,loan,2015-10-01,2020-10-01
1258,loan,2015-10-01,2020-10-01
1259,loan,2015-10-01,2020-10-01
1260,loan,2015-10-01,2020-10-01
1261,loan,2015-10-01,2020-10-01
1262,loan,2015-10-01,2020-10-01
1263,loan,2015-10-01,2020-10-01
1264,loan,2015-10-01,2020-10-01
1265,loan,2015-10-01,2020-10-01
1266,loan,2015-10-01,2020-10-01
1267,loan,2015-10-01,2020-10-01
1268,loan,2015-10-01,2020-10-01
1269,loan,2015-10-01,2020-10-01
1270,loan,2015-10-01,2020-10-01
1271,loan,2015-10-01,2020-10-01
1272,loan,2015-10-01,2020-10-01
1273,loan,2015-10-01,2020-10-01
1274,loan,2015-10-01,2020-10-01
1275,loan,2015-10-01,2020-10-01
1276,loan,2015-10-01,2020-10-01
1277,loan,2015-10-01,2020-10-01
1278,loan,2015-10-01,2020-10-01
1279,loan,2015-10-01,2020-10-01
1280,loan,2015-10-01,2020-10-01
1281,loan,2015-10-01,2020-10-01
1282,loan,2015-10-01,2020-10-01
1283,loan,2015-10-01,2020-10-01
1284,loan,2015-10-01,2020-10-01
1285,loan,2015-10-01,2020-10-01
1286,loan,2015-10-01,2020-10-01
1287,loan,2015-10-01,2020-10-01
1288,loan,2015-10-01,2020-10-01
1289,loan,2015-10-01,2020-10-01
1290,loan,2015-10-01,2020-10-01
1291,loan,2015-10-01,2020-10-01
1292,loan,2015-10-01,2020-10-01
1293,loan,2015-10-01,2020-10-01
1294,loan,2015-10-01,2020-10-01
1295,loan,2015-10-01,2020-10-01
1296,loan,2015-10-01,2020-10-01
1297,loan,2015-10-01,2020-10-01
1298,loan,2015-10-01,2020-10-01
1299,loan,2015-10-01,2020-10-01
1300,loan,2015-10-01,2020-10-01
1301,loan,2015-10-01,2020-10-01
1302,loan,2015-10-01,2020-10-01
1303,loan,2015-10-01,2020-10-01
1304,loan,2015-10-01,2020-10-01
1305,loan,2015-10-01,2020-10-01
1306,loan,2015-10-01,2020-10-01
1307,loan,2015-10-01,2020-10-01
1308,loan,2015-10-01,2020-10-01
1309,loan,2015-10-01,2020-10-01
1310,loan,2015-10-01,2020-10-01
1311,loan,2015-10-01,2020-10-01
1312,loan,2015-10-01,2020-10-01
1313,loan,2015-10-01,2020-10-01
1314,loan,2015-10-01,2020-10-01
1315,loan,2015-10-01,2020-10-01
1316,loan,2015-10-01,2020-10-01
1317,loan,2015-10-01,2020-10-01
1318,loan,2015-10-01,2020-10-01
1319,loan,2015-10-01,2020-10-01
1320,loan,2015-10-01,2020-10-01
1321,loan,2015-10-01,2020-10-01
1322,loan,2015-10-01,2020-10-01
1323,loan,2015-10-01,2020-10-01
1324,loan,2015-10-01,2020-10-01
1325,loan,2015-10-01,2020-10-01
1326,loan,2015-10-01,2020-10-01
1327,loan,2015-10-01,2020-10-01
1328,loan,2015-10-01,2020-10-01
1329,loan,2015-10-01,2020-10-01
1330,loan,2015-10-01,2020-10-01
1331,loan,2015-10-01,2020-10-01
1332,loan,2015-10-01,2020-10-01
1333,loan,2015-10-01,2020-10-01
1334,loan,2015-10-01,2020-10-01
1335,loan,2015-10-01,2020-10-01
1336,loan,2015-10-01,2020-10-01
1337,loan,2015-10-01,2020-10-01
1338,loan,2015-10-01,2020-10-01
1339,loan,2015-10-01,2020-10-01
1340,loan,2015-10-01,2020-10-01
1341,loan,2015-10-01,2020-10-01
1342,loan,2015-10-01,2020-10-01
1343,loan,2015-10-01,2020-10-01
1344,loan,2015-10-01,2020-10-01
1345,loan,2015-10-01,2020-10-01
1346,loan,2015-10-01,2020-10-01
1347,loan,2015-10-01,2020-10-01
1348,loan,2015-10-01,2020-10-01
1349,loan,2015-10-01,2020-10-01
1350,loan,2015-10-01,2020-10-01
1351,loan,2015-10-01,2020-10-01
1352,loan,2015-10-01,2020-10-01
1353,loan,2015-10-01,2020-10-01
1354,loan,2015-10-01,2020-10-01
1355,loan,2015-10-01,2020-10-01
1356,loan,2015-10-01,2020-10-01
1357,loan,2015-10-01,2020-10-01
1358,loan,2015-10-01,2020-10-01
1359,loan,2015-10-01,2020-10-01
1360,loan,2015-10-01,2020-10-01
1361,loan,2015-10-01,2020-10-01
1362,loan,2015-10-01,2020-10-01
1363,loan,2015-10-01,2020-10-01
1364,loan,2015-10-01,2020-10-01
1365,loan,2015-10-01,2020-10-01
1366,loan,2015-10-01,2020-10-01
1367,loan,2015-10-01,2020-10-01
1368,loan,2015-10-01,2020-10-01
1369,loan,2015-10-01,2020-10-01
1370,loan,2015-10-01,2020-10-01
1371,loan,2015-10-01,2020-10-01
1372,loan,2015-10-01,2020-10-01
1373,loan,2015-10-01,2020-10-01
1374,loan,2015-10-01,2020-10-01
1375,loan,2015-10-01,2020-10-01
1376,loan,2015-10-01,2020-10-01
1377,loan,2015-10-01,2020-10-01
1378,loan,2015-10-01,2020-10-01
1379,loan,2015-10-01,2020-10-01
1380,loan,2015-10-01,2020-10-01
1381,loan,2015-10-01,2020-10-01
1382,loan,2015-10-01,2020-10-01
1383,loan,2015-10-01,2020-10-01
1384,loan,2015-10-01,2020-10-01
1385,loan,2015-10-01,2020-10-01
1386,loan,2015-10-01,2020-10-01
1387,loan,2015-10-01,2020-10-01
1388,loan,2015-10-01,2020-10-01
1389,loan,2015-10-01,2020-10-01
1390,loan,2015-10-01,2020-10-01
1391,loan,2015-10-01,2020-10-01
1392,loan,2015-10-01,2020-10-01
1393,loan,2015-10-01,2020-10-01
1394,loan,2015-10-01,2020-10-01
1395,loan,2015-10-01,2020-10-01
1396,loan,2015-10-01,2020-10-01
1397,loan,2015-10-01,2020-10-01
1398,loan,2015-10-01,2020-10-01
1399,loan,2015-10-01,2020-10-01
1400,loan,2015-10-01,2020-10-01
1401,loan,2015-10-01,2020-10-01
1402,loan,2015-10-01,2020-10-01
1403,loan,2015-10-01,2020-10-01
1404,loan,2015-10-01,2020-10-01
1405,loan,2015-10-01,2020-10-01
1406,loan,2015-10-01,2020-10-01
1407,loan,2015-10-01,2020-10-01
1408,loan,2015-10-01,2020-10-01
1409,loan,2015-10-01,2020-10-01
1410,loan,2015-10-01,2020-10-01
1411,loan,2015-10-01,2020-10-01
1412,loan,2015-10-01,2020-10-01
1413,loan,2015-10-01,2020-10-01
1414,loan,2015-10-01,2020-10-01
1415,loan,2015-10-01,2020-10-01
1416,loan,2015-10-01,2020-10-01
1417,loan,2015-10-01,2020-10-01
1418,loan,2015-10-01,2020-10-01
1419,loan,2015-10-01,2020-10-01
1420,loan,2015-10-01,2020-10-01
1421,loan,2015-10-01,2020-10-01
1422,loan,2015-10-01,2020-10-01
1423,loan,2015-10-01,2020-10-01
1424,loan,2015-10-01,2020-10-01
1425,loan,2015-10-01,2020-10-01
1426,loan,2015-10-01,2020-10-01
1427,loan,2015-10-01,2020-10-01
1428,loan,2015-10-01,2020-10-01
1429,loan,2015-10-01,2020-10-01
1430,loan,2015-10-01,2020-10-01
1431,loan,2015-10-01,2020-10-01
1432,loan,2015-10-01,2020-10-01
1433,loan,2015-10-01,2020-10-01
1434,loan,2015-10-01,2020-10-01
1435,loan,2015-10-01,2020-10-01
1436,loan,2015-10-01,2020-10-01
1437,loan,2015-10-01,2020-10-01
1438,loan,2015-10-01,2020-10-01
1439,loan,2015-10-01,2020-10-01
1440,loan,2015-10-01,2020-10-01
1441,loan,2015-10-01,2020-10-01
1442,loan,2015-10-01,2020-10-01
1443,loan,2015-10-01,2020-10-01
1444,loan,2015-10-01,2020-10-01
1445,loan,2015-10-01,2020-10-01
1446,loan,2015-10-01,2020-10-01
1447,loan,2015-10-01,2020-10-01
1448,loan,2015-10-01,2020-10-01
1449,loan,2015-10-01,2020-10-01
1450,loan,2015-10-01,2020-10-01
1451,loan,2015-10-01,2020-10-01
1452,loan,2015-10-01,2020-10-01
1453,loan,2015-10-01,2020-10-01
1454,loan,2015-10-01,2020-10-01
1455,loan,2015-10-01,2020-10-01
1456,loan,2015-10-01,2020-10-01
1457,loan,2015-10-01,2020-10-01
1458,loan,2015-10-01,2020-10-01
1459,loan,2015-10-01,2020-10-01
1460,loan,2015-10-01,2020-10-01
1461,loan,2015-10-01,2020-10-01
1462,loan,2015-10-01,2020-10-01
1463,loan,2015-10-01,2020-10-01
1464,loan,2015-10-01,2020-10-01
1465,loan,2015-10-01,2020-10-01
1466,loan,2015-10-01,2020-10-01
1467,loan,2015-10-01,2020-10-01
1468,loan,2015-10-01,2020-10-01
1469,loan,2015-10-01,2020-10-01
1470,loan,2015-10-01,2020-10-01
1471,loan,2015-10-01,2020-10-01
1472,loan,2015-10-01,2020-10-01
1473,loan,2015-10-01,2020-10-01
1474,loan,2015-10-01,2020-10-01
1475,loan,2015-10-01,2020-10-01
1476,loan,2015-10-01,2020-10-01
1477,loan,2015-10-01,2020-10-01
1478,loan,2015-10-01,2020-10-01
1479,loan,2015-10-01,2020-10-01
1480,loan,2015-10-01,2020-10-01
1481,loan,2015-10-01,2020-10-01
1482,loan,2015-10-01,2020-10-01
1483,loan,2015-10-01,2020-10-01
1484,loan,2015-10-01,2020-10-01
1485,loan,2015-10-01,2020-10-01
1486,loan,2015-10-01,2020-10-01
1487,loan,2015-10-01,2020-10-01
1488,loan,2015-10-01,2020-10-01
1489,loan,2015-10-01,2020-10-01
1490,loan,2015-10-01,2020-10-01
1491,loan,2015-10-01,2020-10-01
1492,loan,2015-10-01,2020-10-01
1493,loan,2015-10-01,2020-10-01
1494,loan,2015-10-01,2020-10-01
1495,loan,2015-10-01,2020-10-01
1496,loan,2015-10-01,2020-10-01
1497,loan,2015-10-01,2020-10-01
1498,loan,2015-10-01,2020-10-01
1499,loan,2015-10-01,2020-10-01
1500,loan,2015-10-01,2020-10-01
1501,loan,2015-10-01,2020-10-01
1502,loan,2015-10-01,2020-10-01
1503,loan,2015-10-01,2020-10-01
1504,loan,2015-10-01,2020-10-01
1505,loan,2015-10-01,2020-10-01
1506,loan,2015-10-01,2020-10-01
1507,loan,2015-10-01,2020-10-01
1508,loan,2015-10-01,2020-10-01
1509,loan,2015-10-01,2020-10-01
1510,loan,2015-10-01,2020-10-01
1511,loan,2015-10-01,2020-10-01
1512,loan,2015-10-01,2020-10-01
1513,loan,2015-10-01,2020-10-01
1514,loan,2015-10-01,2020-10-01
1515,loan,2015-10-01,2020-10-01
1516,loan,2015-10-01,2020-10-01
1517,loan,2015-10-01,2020-10-01
1518,loan,2015-10-01,2020-10-01
1519,loan,2015-10-01,2020-10-01
1520,loan,2015-10-01,2020-10-01
1521,loan,2015-10-01,2020-10-01
1522,loan,2015-10-01,2020-10-01
1523,loan,2015-10-01,2020-10-01
1524,loan,2015-10-01,2020-10-01
1525,loan,2015-10-01,2020-10-01
1526,loan,2015-10-01,2020-10-01
1527,loan,2015-10-01,2020-10-01
1528,loan,2015-10-01,2020-10-01
1529,loan,2015-10-01,2020-10-01
1530,loan,2015-10-01,2020-10-01
1531,loan,2015-10-01,2020-10-01
1532,loan,2015-10-01,2020-10-01
1533,loan,2015-10-01,2020-10-01
1534,loan,2015-10-01,2020-10-01
1535,loan,2015-10-01,2020-10-01
1536,loan,2015-10-01,2020-10-01
1537,loan,2015-10-01,2020-10-01
1538,loan,2015-10-01,2020-10-01
1539,loan,2015-10-01,2020-10-01
1540,loan,2015-10-01,2020-10-01
1541,loan,2015-10-01,2020-10-01
1542,loan,2015-10-01,2020-10-01
1543,loan,2015-10-01,2020-10-01
1544,loan,2015-10-01,2020-10-01
1545,loan,2015-10-01,2020-10-01
1546,loan,2015-10-01,2020-10-01
1547,loan,2015-10-01,2020-10-01
1548,loan,2015-10-01,2020-10-01
1549,loan,2015-10-01,2020-10-01
1550,loan,2015-10-01,2020-10-01
1551,loan,2015-10-01,2020-10-01
1552,loan,2015-10-01,2020-10-01
1553,loan,2015-10-01,2020-10-01
1554,loan,2015-10-01,2020-10-01
1555,loan,2015-10-01,2020-10-01
1556,loan,2015-10-01,2020-10-01
1557,loan,2015-10-01,2020-10-01
1558,loan,2015-10-01,2020-10-01
1559,loan,2015-10-01,2020-10-01
1560,loan,2015-10-01,2020-10-01
1561,loan,2015-10-01,2020-10-01
1562,loan,2015-10-01,2020-10-01
1563,loan,2015-10-01,2020-10-01
1564,loan,2015-10-01,2020-10-01
1565,loan,2015-10-01,2020-10-01
1566,loan,2015-10-01,2020-10-01
1567,loan,2015-10-01,2020-10-01
1568,loan,2015-10-01,2020-10-01
1569,loan,2015-10-01,2020-10-01
1570,loan,2015-10-01,2020-10-01
1571,loan,2015-10-01,2020-10-01
1572,loan,2015-10-01,2020-10-01
1573,loan,2015-10-01,2020-10-01
1574,loan,2015-10-01,2020-10-01
1575,loan,2015-10-01,2020-10-01
1576,loan,2015-10-01,2020-10-01
1577,loan,2015-10-01,2020-10-01
1578,loan,2015-10-01,2020-10-01
1579,loan,2015-10-01,2020-10-01
1580,loan,2015-10-01,2020-10-01
1581,loan,2015-10-01,2020-10-01
1582,loan,2015-10-01,2020-10-01
1583,loan,2015-10-01,2020-10-01
1584,loan,2015-10-01,2020-10-01
1585,loan,2015-10-01,2020-10-01
1586,loan,2015-10-01,2020-10-01
1587,loan,2015-10-01,2020-10-01
1588,loan,2015-10-01,2020-10-01
1589,loan,2015-10-01,2020-10-01
1590,loan,2015-10-01,2020-10-01
1591,loan,2015-10-01,2020-10-01
1592,loan,2015-10-01,2020-10-01
1593,loan,2015-10-01,2020-10-01
1594,loan,2015-10-01,2020-10-01
1595,loan,2015-10-01,2020-10-01
1596,loan,2015-10-01,2020-10-01
1597,loan,2015-10-01,2020-10-01
1598,loan,2015-10-01,2020-10-01
1599,loan,2015-10-01,2020-10-01
1600,loan,2015-10-01,2020-10-01
1601,loan,2015-10-01,2020-10-01
1602,loan,2015-10-01,2020-10-01
1603,loan,2015-10-01,2020-10-01
1604,loan,2015-10-01,2020-10-01
1605,loan,2015-10-01,2020-10-01
1606,loan,2015-10-01,2020-10-01
1607,loan,2015-10-01,2020-10-01
1608,loan,2015-10-01,2020-10-01
1609,loan,2015-10-01,2020-10-01
1610,loan,2015-10-01,2020-10-01
1611,loan,2015-10-01,2020-10-01
1612,loan,2015-10-01,2020-10-01
1613,loan,2015-10-01,2020-10-01
1614,loan,2015-10-01,2020-10-01
1615,loan,2015-10-01,2020-10-01
1616,loan,2015-10-01,2020-10-01
1617,loan,2015-10-01,2020-10-01
1618,loan,2015-10-01,2020-10-01
1619,loan,2015-10-01,2020-10-01
1620,loan,2015-10-01,2020-10-01
1621,loan,2015-10-01,2020-10-01
1622,loan,2015-10-01,2020-10-01
1623,loan,2015-10-01,2020-10-01
1624,loan,2015-10-01,2020-10-01
1625,loan,2015-10-01,2020-10-01
1626,loan,2015-10-01,2020-10-01
1627,loan,2015-10-01,2020-10-01
1628,loan,2015-10-01,2020-10-01
1629,loan,2015-10-01,2020-10-01
1630,loan,2015-10-01,2020-10-01
1631,loan,2015-10-01,2020-10-01
1632,loan,2015-10-01,2020-10-01
1633,loan,2015-10-01,2020-10-01
1634,loan,2015-10-01,2020-10-01
1635,loan,2015-10-01,2020-10-01
1636,loan,2015-10-01,2020-10-01
1637,loan,2015-10-01,2020-10-01
1638,loan,2015-10-01,2020-10-01
1639,loan,2015-10-01,2020-10-01
1640,loan,2015-10-01,2020-10-01
1641,loan,2015-10-01,2020-10-01
1642,loan,2015-10-01,2020-10-01
1643,loan,2015-10-01,2020-10-01
1644,loan,2015-10-01,2020-10-01
1645,loan,2015-10-01,2020-10-01
1646,loan,2015-10-01,2020-10-01
1647,loan,2015-10-01,2020-10-01
1648,loan,2015-10-01,2020-10-01
1649,loan,2015-10-01,2020-10-01
1650,loan,2015-10-01,2020-10-01
1651,loan,2015-10-01,2020-10-01
1652,loan,2015-10-01,2020-10-01
1653,loan,2015-10-01,2020-10-01
1654,loan,2015-10-01,2020-10-01
1655,loan,2015-10-01,2020-10-01
1656,loan,2015-10-01,2020-10-01
1657,loan,2015-10-01,2020-10-01
1658,loan,2015-10-01,2020-10-01
1659,loan,2015-10-01,2020-10-01
1660,loan,2015-10-01,2020-10-01
1661,loan,2015-10-01,2020-10-01
1662,loan,2015-10-01,2020-10-01
1663,loan,2015-10-01,2020-10-01
1664,loan,2015-10-01,2020-10-01
1665,loan,2015-10-01,2020-10-01
1666,loan,2015-10-01,2020-10-01
1667,loan,2015-10-01,2020-10-01
1668,loan,2015-10-01,2020-10-01
1669,loan,2015-10-01,2020-10-01
1670,loan,2015-10-01,2020-10-01
1671,loan,2015-10-01,2020-10-01
1672,loan,2015-10-01,2020-10-01
1673,loan,2015-10-01,2020-10-01
1674,loan,2015-10-01,2020-10-01
1675,loan,2015-10-01,2020-10-01
1676,loan,2015-10-01,2020-10-01
1677,loan,2015-10-01,2020-10-01
1678,loan,2015-10-01,2020-10-01
1679,loan,2015-10-01,2020-10-01
1680,loan,2015-10-01,2020-10-01
1681,loan,2015-10-01,2020-10-01
1682,loan,2015-10-01,2020-10-01
1683,loan,2015-10-01,2020-10-01
1684,loan,2015-10-01,2020-10-01
1685,loan,2015-10-01,2020-10-01
1686,loan,2015-10-01,2020-10-01
1687,loan,2015-10-01,2020-10-01
1688,loan,2015-10-01,2020-10-01
1689,loan,2015-10-01,2020-10-01
1690,loan,2015-10-01,2020-10-01
1691,loan,2015-10-01,2020-10-01
1692,loan,2015-10-01,2020-10-01
1693,loan,2015-10-01,2020-10-01
1694,loan,2015-10-01,2020-10-01
1695,loan,2015-10-01,2020-10-01
1696,loan,2015-10-01,2020-10-01
1697,loan,2015-10-01,2020-10-01
1698,loan,2015-10-01,2020-10-01
1699,loan,2015-10-01,2020-10-01
1700,loan,2015-10-01,2020-10-01
1701,loan,2015-10-01,2020-10-01
1702,loan,2015-10-01,2020-10-01
1703,loan,2015-10-01,2020-10-01
1704,loan,2015-10-01,2020-10-01
1705,loan,2015-10-01,2020-10-01
1706,loan,2015-10-01,2020-10-01
1707,loan,2015-10-01,2020-10-01
1708,loan,2015-10-01,2020-10-01
1709,loan,2015-10-01,2020-10-01
1710,loan,2015-10-01,2020-10-01
1711,loan,2015-10-01,2020-10-01
1712,loan,2015-10-01,2020-10-01
1713,loan,2015-10-01,2020-10-01
1714,loan,2015-10-01,2020-10-01
1715,loan,2015-10-01,2020-10-01
1716,loan,2015-10-01,2020-10-01
1717,loan,2015-10-01,2020-10-01
1718,loan,2015-10-01,2020-10-01
1719,loan,2015-10-01,2020-10-01
1720,loan,2015-10-01,2020-10-01
1721,loan,2015-10-01,2020-10-01
1722,loan,2015-10-01,2020-10-01
1723,loan,2015-10-01,2020-10-01
1724,loan,2015-10-01,2020-10-01
1725,loan,2015-10-01,2020-10-01
1726,loan,2015-10-01,2020-10-01
1727,loan,2015-10-01,2020-10-01
1728,loan,2015-10-01,2020-10-01
1729,loan,2015-10-01,2020-10-01
1730,loan,2015-10-01,2020-10-01
1731,loan,2015-10-01,2020-10-01
1732,loan,2015-10-01,2020-10-01
1733,loan,2015-10-01,2020-10-01
1734,loan,2015-10-01,2020-10-01
1735,loan,2015-10-01,2020-10-01
1736,loan,2015-10-01,2020-10-01
1737,loan,2015-10-01,2020-10-01
1738,loan,2015-10-01,2020-10-01
1739,loan,2015-10-01,2020-10-01
1740,loan,2015-10-01,2020-10-01
1741,loan,2015-10-01,2020-10-01
1742,loan,2015-10-01,2020-10-01
1743,loan,2015-10-01,2020-10-01
1744,loan,2015-10-01,2020-10-01
1745,loan,2015-10-01,2020-10-01
1746,loan,2015-10-01,2020-10-01
1747,loan,2015-10-01,2020-10-01
1748,loan,2015-10-01,2020-10-01
1749,loan,2015-10-01,2020-10-01
1750,loan,2015-10-01,2020-10-01
1751,loan,2015-10-01,2020-10-01
1752,loan,2015-10-01,2020-10-01
1753,loan,2015-10-01,2020-10-01
1754,loan,2015-10-01,2020-10-01
1755,loan,2015-10-01,2020-10-01
1756,loan,2015-10-01,2020-10-01
1757,loan,2015-10-01,2020-10-01
1758,loan,2015-10-01,2020-10-01
1759,loan,2015-10-01,2020-10-01
1760,loan,2015-10-01,2020-10-01
1761,loan,2015-10-01,2020-10-01
1762,loan,2015-10-01,2020-10-01
1763,loan,2015-10-01,2020-10-01
1764,loan,2015-10-01,2020-10-01
1765,loan,2015-10-01,2020-10-01
1766,loan,2015-10-01,2020-10-01
1767,loan,2015-10-01,2020-10-01
1768,loan,2015-10-01,2020-10-01
1769,loan,2015-10-01,2020-10-01
1770,loan,2015-10-01,2020-10-01
1771,loan,2015-10-01,2020-10-01
1772,loan,2015-10-01,2020-10-01
1773,loan,2015-10-01,2020-10-01
1774,loan,2015-10-01,2020-10-01
1775,loan,2015-10-01,2020-10-01
1776,loan,2015-10-01,2020-10-01
1777,loan,2015-10-01,2020-10-01
1778,loan,2015-10-01,2020-10-01
1779,loan,2015-10-01,2020-10-01
1780,loan,2015-10-01,2020-10-01
1781,loan,2015-10-01,2020-10-01
1782,loan,2015-10-01,2020-10-01
1783,loan,2015-10-01,2020-10-01
1784,loan,2015-10-01,2020-10-01
1785,loan,2015-10-01,2020-10-01
1786,loan,2015-10-01,2020-10-01
1787,loan,2015-10-01,2020-10-01
1788,loan,2015-10-01,2020-10-01
1789,loan,2015-10-01,2020-10-01
1790,loan,2015-10-01,2020-10-01
1791,loan,2015-10-01,2020-10-01
1792,loan,2015-10-01,2020-10-01
1793,loan,2015-10-01,2020-10-01
1794,loan,2015-10-01,2020-10-01
1795,loan,2015-10-01,2020-10-01
1796,loan,2015-10-01,2020-10-01
1797,loan,2015-10-01,2020-10-01
1798,loan,2015-10-01,2020-10-01
1799,loan,2015-10-01,2020-10-01
1800,loan,2015-10-01,2020-10-01
1801,loan,2015-10-01,2020-10-01
1802,loan,2015-10-01,2020-10-01
1803,loan,2015-10-01,2020-10-01
1804,loan,2015-10-01,2020-10-01
1805,loan,2015-10-01,2020-10-01
1806,loan,2015-10-01,2020-10-01
1807,loan,2015-10-01,2020-10-01
1808,loan,2015-10-01,2020-10-01
1809,loan,2015-10-01,2020-10-01
1810,loan,2015-10-01,2020-10-01
1811,loan,2015-10-01,2020-10-01
1812,loan,2015-10-01,2020-10-01
1813,loan,2015-10-01,2020-10-01
1814,loan,2015-10-01,2020-10-01
1815,loan,2015-10-01,2020-10-01
1816,loan,2015-10-01,2020-10-01
1817,loan,2015-10-01,2020-10-01
1818,loan,2015-10-01,2020-10-01
1819,loan,2015-10-01,2020-10-01
1820,loan,2015-10-01,2020-10-01
1821,loan,2015-10-01,2020-10-01
1822,loan,2015-10-01,2020-10-01
1823,loan,2015-10-01,2020-10-01
1824,loan,2015-10-01,2020-10-01
1825,loan,2015-10-01,2020-10-01
1826,loan,2015-10-01,2020-10-01
1827,loan,2015-10-01,2020-10-01
1828,loan,2015-10-01,2020-10-01
1829,loan,2015-10-01,2020-10-01
1830,loan,2015-10-01,2020-10-01
1831,loan,2015-10-01,2020-10-01
1832,loan,2015-10-01,2020-10-01
1833,loan,2015-10-01,2020-10-01
1834,loan,2015-10-01,2020-10-01
1835,loan,2015-10-01,2020-10-01
1836,loan,2015-10-01,2020-10-01
1837,loan,2015-10-01,2020-10-01
1838,loan,2015-10-01,2020-10-01
1839,loan,2015-10-01,2020-10-01
1840,loan,2015-10-01,2020-10-01
1841,loan,2015-10-01,2020-10-01
1842,loan,2015-10-01,2020-10-01
1843,loan,2015-10-01,2020-10-01
1844,loan,2015-10-01,2020-10-01
1845,loan,2015-10-01,2020-10-01
1846,loan,2015-10-01,2020-10-01
1847,loan,2015-10-01,2020-10-01
1848,loan,2015-10-01,2020-10-01
1849,loan,2015-10-01,2020-10-01
1850,loan,2015-10-01,2020-10-01
1851,loan,2015-10-01,2020-10-01
1852,loan,2015-10-01,2020-10-01
1853,loan,2015-10-01,2020-10-01
1854,loan,2015-10-01,2020-10-01
1855,loan,2015-10-01,2020-10-01
1856,loan,2015-10-01,2020-10-01
1857,loan,2015-10-01,2020-10-01
1858,loan,2015-10-01,2020-10-01
1859,loan,2015-10-01,2020-10-01
1860,loan,2015-10-01,2020-10-01
1861,loan,2015-10-01,2020-10-01
1862,loan,2015-10-01,2020-10-01
1863,loan,2015-10-01,2020-10-01
1864,loan,2015-10-01,2020-10-01
1865,loan,2015-10-01,2020-10-01
1866,loan,2015-10-01,2020-10-01
1867,loan,2015-10-01,2020-10-01
1868,loan,2015-10-01,2020-10-01
1869,loan,2015-10-01,2020-10-01
1870,loan,2015-10-01,2020-10-01
1871,loan,2015-10-01,2020-10-01
1872,loan,2015-10-01,2020-10-01
1873,loan,2015-10-01,2020-10-01
1874,loan,2015-10-01,2020-10-01
1875,loan,2015-10-01,2020-10-01
1876,loan,2015-10-01,2020-10-01
1877,loan,2015-10-01,2020-10-01
1878,loan,2015-10-01,2020-10-01
1879,loan,2015-10-01,2020-10-01
1880,loan,2015-10-01,2020-10-01
1881,loan,2015-10-01,2020-10-01
1882,loan,2015-10-01,2020-10-01
1883,loan,2015-10-01,2020-10-01
1884,loan,2015-10-01,2020-10-01
1885,loan,2015-10-01,2020-10-01
1886,loan,2015-10-01,2020-10-01
1887,loan,2015-10-01,2020-10-01
1888,loan,2015-10-01,2020-10-01
1889,loan,2015-10-01,2020-10-01
1890,loan,2015-10-01,2020-10-01
1891,loan,2015-10-01,2020-10-01
1892,loan,2015-10-01,2020-10-01
1893,loan,2015-10-01,2020-10-01
1894,loan,2015-10-01,2020-10-01
1895,loan,2015-10-01,2020-10-01
1896,loan,2015-10-01,2020-10-01
1897,loan,2015-10-01,2020-10-01
1898,loan,2015-10-01,2020-10-01
1899,loan,2015-10-01,2020-10-01
1900,loan,2015-10-01,2020-10-01
1901,loan,2015-10-01,2020-10-01
1902,loan,2015-10-01,2020-10-01
1903,loan,2015-10-01,2020-10-01
1904,loan,2015-10-01,2020-10-01
1905,loan,2015-10-01,2020-10-01
1906,loan,2015-10-01,2020-10-01
1907,loan,2015-10-01,2020-10-01
1908,loan,2015-10-01,2020-10-01
1909,loan,2015-10-01,2020-10-01
1910,loan,2015-10-01,2020-10-01
1911,loan,2015-10-01,2020-10-01
22222,drawing,2015-10-01,2020-10-01
22223,drawing,2015-10-01,2020-10-01
22224,drawing,2015-10-01,2020-10-01
22225,drawing,2015-10-01,2020-10-01
22226,drawing,2015-10-01,2020-10-01
22227,drawing,2015-10-01,2020-10-01
22228,drawing,2015-10-01,2020-10-01
22229,drawing,2015-10-01,2020-10-01
22230,drawing,2015-10-01,2020-10-01
22231,drawing,2015-10-01,2020-10-01
22232,drawing,2015-10-01,2020-10-01
22233,drawing,2015-10-01,2020-10-01
22234,drawing,2015-10-01,2020-10-01
22235,drawing,2015-10-01,2020-10-01
22236,drawing,2015-10-01,2020-10-01
22237,drawing,2015-10-01,2020-10-01
22238,drawing,2015-10-01,2020-10-01
22239,drawing,2015-10-01,2020-10-01
22240,drawing,2015-10-01,2020-10-01
22241,drawing,2015-10-01,2020-10-01
22242,drawing,2015-10-01,2020-10-01
22243,drawing,2015-10-01,2020-10-01
22244,drawing,2015-10-01,2020-10-01
22245,drawing,2015-10-01,2020-10-01
22246,drawing,2015-10-01,2020-10-01
22247,drawing,2015-10-01,2020-10-01
22248,drawing,2015-10-01,2020-10-01
22249,drawing,2015-10-01,2020-10-01
22250,drawing,2015-10-01,2020-10-01
22251,drawing,2015-10-01,2020-10-01
22252,drawing,2015-10-01,2020-10-01
22253,drawing,2015-10-01,2020-10-01
22254,drawing,2015-10-01,2020-10-01
22255,drawing,2015-10-01,2020-10-01
22256,drawing,2015-10-01,2020-10-01
22257,drawing,2015-10-01,2020-10-01
22258,drawing,2015-10-01,2020-10-01
22259,drawing,2015-10-01,2020-10-01
22260,drawing,2015-10-01,2020-10-01
22261,drawing,2015-10-01,2020-10-01
22262,drawing,2015-10-01,2020-10-01
22263,drawing,2015-10-01,2020-10-01
22264,drawing,2015-10-01,2020-10-01
22265,drawing,2015-10-01,2020-10-01
22266,drawing,2015-10-01,2020-10-01
22267,drawing,2015-10-01,2020-10-01
22268,drawing,2015-10-01,2020-10-01
22269,drawing,2015-10-01,2020-10-01
22270,drawing,2015-10-01,2020-10-01
22271,drawing,2015-10-01,2020-10-01
22272,drawing,2015-10-01,2020-10-01
22273,drawing,2015-10-01,2020-10-01
22274,drawing,2015-10-01,2020-10-01
22275,drawing,2015-10-01,2020-10-01
22276,drawing,2015-10-01,2020-10-01
22277,drawing,2015-10-01,2020-10-01
22278,drawing,2015-10-01,2020-10-01
22279,drawing,2015-10-01,2020-10-01
22280,drawing,2015-10-01,2020-10-01
22281,drawing,2015-10-01,2020-10-01
22282,drawing,2015-10-01,2020-10-01
22283,drawing,2015-10-01,2020-10-01
22284,drawing,2015-10-01,2020-10-01
22285,drawing,2015-10-01,2020-10-01
22286,drawing,2015-10-01,2020-10-01
22287,drawing,2015-10-01,2020-10-01
22288,drawing,2015-10-01,2020-10-01
22289,drawing,2015-10-01,2020-10-01
22290,drawing,2015-10-01,2020-10-01
22291,drawing,2015-10-01,2020-10-01
22292,drawing,2015-10-01,2020-10-01
22293,drawing,2015-10-01,2020-10-01
22294,drawing,2015-10-01,2020-10-01
22295,drawing,2015-10-01,2020-10-01
22296,drawing,2015-10-01,2020-10-01
22297,drawing,2015-10-01,2020-10-01
22298,drawing,2015-10-01,2020-10-01
22299,drawing,2015-10-01,2020-10-01
22300,drawing,2015-10-01,2020-10-01
22301,drawing,2015-10-01,2020-10-01
22302,drawing,2015-10-01,2020-10-01
22303,drawing,2015-10-01,2020-10-01
22304,drawing,2015-10-01,2020-10-01
22305,drawing,2015-10-01,2020-10-01
22306,drawing,2015-10-01,2020-10-01
22307,drawing,2015-10-01,2020-10-01
22308,drawing,2015-10-01,2020-10-01
22309,drawing,2015-10-01,2020-10-01
22310,drawing,2015-10-01,2020-10-01
22311,drawing,2015-10-01,2020-10-01
22312,drawing,2015-10-01,2020-10-01
22313,drawing,2015-10-01,2020-10-01
22314,drawing,2015-10-01,2020-10-01
22315,drawing,2015-10-01,2020-10-01
22316,drawing,2015-10-01,2020-10-01
22317,drawing,2015-10-01,2020-10-01
22318,drawing,2015-10-01,2020-10-01
22319,drawing,2015-10-01,2020-10-01
22320,drawing,2015-10-01,2020-10-01
22321,drawing,2015-10-01,2020-10-01
22322,drawing,2015-10-01,2020-10-01
22323,drawing,2015-10-01,2020-10-01
22324,drawing,2015-10-01,2020-10-01
22325,drawing,2015-10-01,2020-10-01
22326,drawing,2015-10-01,2020-10-01
22327,drawing,2015-10-01,2020-10-01
22328,drawing,2015-10-01,2020-10-01
22329,drawing,2015-10-01,2020-10-01
22330,drawing,2015-10-01,2020-10-01
22331,drawing,2015-10-01,2020-10-01
22332,drawing,2015-10-01,2020-10-01
22333,drawing,2015-10-01,2020-10-01
22334,drawing,2015-10-01,2020-10-01
22335,drawing,2015-10-01,2020-10-01
22336,drawing,2015-10-01,2020-10-01
22337,drawing,2015-10-01,2020-10-01
22338,drawing,2015-10-01,2020-10-01
22339,drawing,2015-10-01,2020-10-01
22340,drawing,2015-10-01,2020-10-01
22341,drawing,2015-10-01,2020-10-01
22342,drawing,2015-10-01,2020-10-01
22343,drawing,2015-10-01,2020-10-01
22344,drawing,2015-10-01,2020-10-01
22345,drawing,2015-10-01,2020-10-01
22346,drawing,2015-10-01,2020-10-01
22347,drawing,2015-10-01,2020-10-01
22348,drawing,2015-10-01,2020-10-01
22349,drawing,2015-10-01,2020-10-01
22350,drawing,2015-10-01,2020-10-01
22351,drawing,2015-10-01,2020-10-01
22352,drawing,2015-10-01,2020-10-01
22353,drawing,2015-10-01,2020-10-01
22354,drawing,2015-10-01,2020-10-01
22355,drawing,2015-10-01,2020-10-01
22356,drawing,2015-10-01,2020-10-01
22357,drawing,2015-10-01,2020-10-01
22358,drawing,2015-10-01,2020-10-01
22359,drawing,2015-10-01,2020-10-01
22360,drawing,2015-10-01,2020-10-01
22361,drawing,2015-10-01,2020-10-01
22362,drawing,2015-10-01,2020-10-01
22363,drawing,2015-10-01,2020-10-01
22364,drawing,2015-10-01,2020-10-01
22365,drawing,2015-10-01,2020-10-01
22366,drawing,2015-10-01,2020-10-01
22367,drawing,2015-10-01,2020-10-01
22368,drawing,2015-10-01,2020-10-01
22369,drawing,2015-10-01,2020-10-01
22370,drawing,2015-10-01,2020-10-01
22371,drawing,2015-10-01,2020-10-01
22372,drawing,2015-10-01,2020-10-01
22373,drawing,2015-10-01,2020-10-01
22374,drawing,2015-10-01,2020-10-01
22375,drawing,2015-10-01,2020-10-01
22376,drawing,2015-10-01,2020-10-01
22377,drawing,2015-10-01,2020-10-01
22378,drawing,2015-10-01,2020-10-01
22379,drawing,2015-10-01,2020-10-01
22380,drawing,2015-10-01,2020-10-01
22381,drawing,2015-10-01,2020-10-01
22382,drawing,2015-10-01,2020-10-01
22383,drawing,2015-10-01,2020-10-01
22384,drawing,2015-10-01,2020-10-01
22385,drawing,2015-10-01,2020-10-01
22386,drawing,2015-10-01,2020-10-01
22387,drawing,2015-10-01,2020-10-01
22388,drawing,2015-10-01,2020-10-01
22389,drawing,2015-10-01,2020-10-01
22390,drawing,2015-10-01,2020-10-01
22391,drawing,2015-10-01,2020-10-01
22392,drawing,2015-10-01,2020-10-01
22393,drawing,2015-10-01,2020-10-01
22394,drawing,2015-10-01,2020-10-01
22395,drawing,2015-10-01,2020-10-01
22396,drawing,2015-10-01,2020-10-01
22397,drawing,2015-10-01,2020-10-01
22398,drawing,2015-10-01,2020-10-01
22399,drawing,2015-10-01,2020-10-01
22400,drawing,2015-10-01,2020-10-01
22401,drawing,2015-10-01,2020-10-01
22402,drawing,2015-10-01,2020-10-01
22403,drawing,2015-10-01,2020-10-01
22404,drawing,2015-10-01,2020-10-01
22405,drawing,2015-10-01,2020-10-01
22406,drawing,2015-10-01,2020-10-01
22407,drawing,2015-10-01,2020-10-01
22408,drawing,2015-10-01,2020-10-01
22409,drawing,2015-10-01,2020-10-01
22410,drawing,2015-10-01,2020-10-01
22411,drawing,2015-10-01,2020-10-01
22412,drawing,2015-10-01,2020-10-01
22413,drawing,2015-10-01,2020-10-01
22414,drawing,2015-10-01,2020-10-01
22415,drawing,2015-10-01,2020-10-01
22416,drawing,2015-10-01,2020-10-01
22417,drawing,2015-10-01,2020-10-01
22418,drawing,2015-10-01,2020-10-01
22419,drawing,2015-10-01,2020-10-01
22420,drawing,2015-10-01,2020-10-01
22421,drawing,2015-10-01,2020-10-01
22422,drawing,2015-10-01,2020-10-01
22423,drawing,2015-10-01,2020-10-01
22424,drawing,2015-10-01,2020-10-01
22425,drawing,2015-10-01,2020-10-01
22426,drawing,2015-10-01,2020-10-01
22427,drawing,2015-10-01,2020-10-01
22428,drawing,2015-10-01,2020-10-01
22429,drawing,2015-10-01,2020-10-01
22430,drawing,2015-10-01,2020-10-01
22431,drawing,2015-10-01,2020-10-01
22432,drawing,2015-10-01,2020-10-01
22433,drawing,2015-10-01,2020-10-01
22434,drawing,2015-10-01,2020-10-01
22435,drawing,2015-10-01,2020-10-01
22436,drawing,2015-10-01,2020-10-01
22437,drawing,2015-10-01,2020-10-01
22438,drawing,2015-10-01,2020-10-01
22439,drawing,2015-10-01,2020-10-01
22440,drawing,2015-10-01,2020-10-01
22441,drawing,2015-10-01,2020-10-01
22442,drawing,2015-10-01,2020-10-01
22443,drawing,2015-10-01,2020-10-01
22444,drawing,2015-10-01,2020-10-01
22445,drawing,2015-10-01,2020-10-01
22446,drawing,2015-10-01,2020-10-01
22447,drawing,2015-10-01,2020-10-01
22448,drawing,2015-10-01,2020-10-01
22449,drawing,2015-10-01,2020-10-01
22450,drawing,2015-10-01,2020-10-01
22451,drawing,2015-10-01,2020-10-01
22452,drawing,2015-10-01,2020-10-01
22453,drawing,2015-10-01,2020-10-01
22454,drawing,2015-10-01,2020-10-01
22455,drawing,2015-10-01,2020-10-01
22456,drawing,2015-10-01,2020-10-01
22457,drawing,2015-10-01,2020-10-01
22458,drawing,2015-10-01,2020-10-01
22459,drawing,2015-10-01,2020-10-01
22460,drawing,2015-10-01,2020-10-01
22461,drawing,2015-10-01,2020-10-01
22462,drawing,2015-10-01,2020-10-01
22463,drawing,2015-10-01,2020-10-01
22464,drawing,2015-10-01,2020-10-01
22465,drawing,2015-10-01,2020-10-01
22466,drawing,2015-10-01,2020-10-01
22467,drawing,2015-10-01,2020-10-01
22468,drawing,2015-10-01,2020-10-01
22469,drawing,2015-10-01,2020-10-01
22470,drawing,2015-10-01,2020-10-01
22471,drawing,2015-10-01,2020-10-01
22472,drawing,2015-10-01,2020-10-01
22473,drawing,2015-10-01,2020-10-01
22474,drawing,2015-10-01,2020-10-01
22475,drawing,2015-10-01,2020-10-01
22476,drawing,2015-10-01,2020-10-01
22477,drawing,2015-10-01,2020-10-01
22478,drawing,2015-10-01,2020-10-01
22479,drawing,2015-10-01,2020-10-01
22480,drawing,2015-10-01,2020-10-01
22481,drawing,2015-10-01,2020-10-01
22482,drawing,2015-10-01,2020-10-01
22483,drawing,2015-10-01,2020-10-01
22484,drawing,2015-10-01,2020-10-01
22485,drawing,2015-10-01,2020-10-01
22486,drawing,2015-10-01,2020-10-01
22487,drawing,2015-10-01,2020-10-01
22488,drawing,2015-10-01,2020-10-01
22489,drawing,2015-10-01,2020-10-01
22490,drawing,2015-10-01,2020-10-01
22491,drawing,2015-10-01,2020-10-01
22492,drawing,2015-10-01,2020-10-01
22493,drawing,2015-10-01,2020-10-01
22494,drawing,2015-10-01,2020-10-01
22495,drawing,2015-10-01,2020-10-01
22496,drawing,2015-10-01,2020-10-01
22497,drawing,2015-10-01,2020-10-01
22498,drawing,2015-10-01,2020-10-01
22499,drawing,2015-10-01,2020-10-01
22500,drawing,2015-10-01,2020-10-01
22501,drawing,2015-10-01,2020-10-01
22502,drawing,2015-10-01,2020-10-01
22503,drawing,2015-10-01,2020-10-01
22504,drawing,2015-10-01,2020-10-01
22505,drawing,2015-10-01,2020-10-01
22506,drawing,2015-10-01,2020-10-01
22507,drawing,2015-10-01,2020-10-01
22508,drawing,2015-10-01,2020-10-01
22509,drawing,2015-10-01,2020-10-01
22510,drawing,2015-10-01,2020-10-01
22511,drawing,2015-10-01,2020-10-01
22512,drawing,2015-10-01,2020-10-01
22513,drawing,2015-10-01,2020-10-01
22514,drawing,2015-10-01,2020-10-01
22515,drawing,2015-10-01,2020-10-01
22516,drawing,2015-10-01,2020-10-01
22517,drawing,2015-10-01,2020-10-01
22518,drawing,2015-10-01,2020-10-01
22519,drawing,2015-10-01,2020-10-01
22520,drawing,2015-10-01,2020-10-01
22521,drawing,2015-10-01,2020-10-01
22522,drawing,2015-10-01,2020-10-01
22523,drawing,2015-10-01,2020-10-01
22524,drawing,2015-10-01,2020-10-01
22525,drawing,2015-10-01,2020-10-01
22526,drawing,2015-10-01,2020-10-01
22527,drawing,2015-10-01,2020-10-01
22528,drawing,2015-10-01,2020-10-01
22529,drawing,2015-10-01,2020-10-01
22530,drawing,2015-10-01,2020-10-01
22531,drawing,2015-10-01,2020-10-01
22532,drawing,2015-10-01,2020-10-01
22533,drawing,2015-10-01,2020-10-01
22534,drawing,2015-10-01,2020-10-01
22535,drawing,2015-10-01,2020-10-01
22536,drawing,2015-10-01,2020-10-01
22537,drawing,2015-10-01,2020-10-01
22538,drawing,2015-10-01,2020-10-01
22539,drawing,2015-10-01,2020-10-01
22540,drawing,2015-10-01,2020-10-01
22541,drawing,2015-10-01,2020-10-01
22542,drawing,2015-10-01,2020-10-01
22543,drawing,2015-10-01,2020-10-01
22544,drawing,2015-10-01,2020-10-01
22545,drawing,2015-10-01,2020-10-01
22546,drawing,2015-10-01,2020-10-01
22547,drawing,2015-10-01,2020-10-01
22548,drawing,2015-10-01,2020-10-01
22549,drawing,2015-10-01,2020-10-01
22550,drawing,2015-10-01,2020-10-01
22551,drawing,2015-10-01,2020-10-01
22552,drawing,2015-10-01,2020-10-01
22553,drawing,2015-10-01,2020-10-01
22554,drawing,2015-10-01,2020-10-01
22555,drawing,2015-10-01,2020-10-01
22556,drawing,2015-10-01,2020-10-01
22557,drawing,2015-10-01,2020-10-01
22558,drawing,2015-10-01,2020-10-01
22559,drawing,2015-10-01,2020-10-01
22560,drawing,2015-10-01,2020-10-01
22561,drawing,2015-10-01,2020-10-01
22562,drawing,2015-10-01,2020-10-01
22563,drawing,2015-10-01,2020-10-01
22564,drawing,2015-10-01,2020-10-01
22565,drawing,2015-10-01,2020-10-01
22566,drawing,2015-10-01,2020-10-01
22567,drawing,2015-10-01,2020-10-01
22568,drawing,2015-10-01,2020-10-01
22569,drawing,2015-10-01,2020-10-01
22570,drawing,2015-10-01,2020-10-01
22571,drawing,2015-10-01,2020-10-01
22572,drawing,2015-10-01,2020-10-01
22573,drawing,2015-10-01,2020-10-01
22574,drawing,2015-10-01,2020-10-01
22575,drawing,2015-10-01,2020-10-01
22576,drawing,2015-10-01,2020-10-01
22577,drawing,2015-10-01,2020-10-01
22578,drawing,2015-10-01,2020-10-01
22579,drawing,2015-10-01,2020-10-01
22580,drawing,2015-10-01,2020-10-01
22581,drawing,2015-10-01,2020-10-01
22582,drawing,2015-10-01,2020-10-01
22583,drawing,2015-10-01,2020-10-01
22584,drawing,2015-10-01,2020-10-01
22585,drawing,2015-10-01,2020-10-01
22586,drawing,2015-10-01,2020-10-01
22587,drawing,2015-10-01,2020-10-01
22588,drawing,2015-10-01,2020-10-01
22589,drawing,2015-10-01,2020-10-01
22590,drawing,2015-10-01,2020-10-01
22591,drawing,2015-10-01,2020-10-01
22592,drawing,2015-10-01,2020-10-01
22593,drawing,2015-10-01,2020-10-01
22594,drawing,2015-10-01,2020-10-01
22595,drawing,2015-10-01,2020-10-01
22596,drawing,2015-10-01,2020-10-01
22597,drawing,2015-10-01,2020-10-01
22598,drawing,2015-10-01,2020-10-01
22599,drawing,2015-10-01,2020-10-01
22600,drawing,2015-10-01,2020-10-01
22601,drawing,2015-10-01,2020-10-01
22602,drawing,2015-10-01,2020-10-01
22603,drawing,2015-10-01,2020-10-01
22604,drawing,2015-10-01,2020-10-01
22605,drawing,2015-10-01,2020-10-01
22606,drawing,2015-10-01,2020-10-01
22607,drawing,2015-10-01,2020-10-01
22608,drawing,2015-10-01,2020-10-01
22609,drawing,2015-10-01,2020-10-01
22610,drawing,2015-10-01,2020-10-01
22611,drawing,2015-10-01,2020-10-01
22612,drawing,2015-10-01,2020-10-01
22613,drawing,2015-10-01,2020-10-01
22614,drawing,2015-10-01,2020-10-01
22615,drawing,2015-10-01,2020-10-01
22616,drawing,2015-10-01,2020-10-01
22617,drawing,2015-10-01,2020-10-01
22618,drawing,2015-10-01,2020-10-01
22619,drawing,2015-10-01,2020-10-01
22620,drawing,2015-10-01,2020-10-01
22621,drawing,2015-10-01,2020-10-01
22622,drawing,2015-10-01,2020-10-01
22623,drawing,2015-10-01,2020-10-01
22624,drawing,2015-10-01,2020-10-01
22625,drawing,2015-10-01,2020-10-01
22626,drawing,2015-10-01,2020-10-01
22627,drawing,2015-10-01,2020-10-01
22628,drawing,2015-10-01,2020-10-01
22629,drawing,2015-10-01,2020-10-01
22630,drawing,2015-10-01,2020-10-01
22631,drawing,2015-10-01,2020-10-01
22632,drawing,2015-10-01,2020-10-01
22633,drawing,2015-10-01,2020-10-01
22634,drawing,2015-10-01,2020-10-01
22635,drawing,2015-10-01,2020-10-01
22636,drawing,2015-10-01,2020-10-01
22637,drawing,2015-10-01,2020-10-01
22638,drawing,2015-10-01,2020-10-01
22639,drawing,2015-10-01,2020-10-01
22640,drawing,2015-10-01,2020-10-01
22641,drawing,2015-10-01,2020-10-01
22642,drawing,2015-10-01,2020-10-01
22643,drawing,2015-10-01,2020-10-01
22644,drawing,2015-10-01,2020-10-01
22645,drawing,2015-10-01,2020-10-01
22646,drawing,2015-10-01,2020-10-01
22647,drawing,2015-10-01,2020-10-01
22648,drawing,2015-10-01,2020-10-01
22649,drawing,2015-10-01,2020-10-01
22650,drawing,2015-10-01,2020-10-01
22651,drawing,2015-10-01,2020-10-01
22652,drawing,2015-10-01,2020-10-01
22653,drawing,2015-10-01,2020-10-01
22654,drawing,2015-10-01,2020-10-01
22655,drawing,2015-10-01,2020-10-01
22656,drawing,2015-10-01,2020-10-01
22657,drawing,2015-10-01,2020-10-01
22658,drawing,2015-10-01,2020-10-01
22659,drawing,2015-10-01,2020-10-01
22660,drawing,2015-10-01,2020-10-01
22661,drawing,2015-10-01,2020-10-01
22662,drawing,2015-10-01,2020-10-01
22663,drawing,2015-10-01,2020-10-01
22664,drawing,2015-10-01,2020-10-01
22665,drawing,2015-10-01,2020-10-01
22666,drawing,2015-10-01,2020-10-01
22667,drawing,2015-10-01,2020-10-01
22668,drawing,2015-10-01,2020-10-01
22669,drawing,2015-10-01,2020-10-01
22670,drawing,2015-10-01,2020-10-01
22671,drawing,2015-10-01,2020-10-01
22672,drawing,2015-10-01,2020-10-01
22673,drawing,2015-10-01,2020-10-01
22674,drawing,2015-10-01,2020-10-01
22675,drawing,2015-10-01,2020-10-01
22676,drawing,2015-10-01,2020-10-01
22677,drawing,2015-10-01,2020-10-01
22678,drawing,2015-10-01,2020-10-01
22679,drawing,2015-10-01,2020-10-01
22680,drawing,2015-10-01,2020-10-01
22681,drawing,2015-10-01,2020-10-01
22682,drawing,2015-10-01,2020-10-01
22683,drawing,2015-10-01,2020-10-01
22684,drawing,2015-10-01,2020-10-01
22685,drawing,2015-10-01,2020-10-01
22686,drawing,2015-10-01,2020-10-01
22687,drawing,2015-10-01,2020-10-01
22688,drawing,2015-10-01,2020-10-01
22689,drawing,2015-10-01,2020-10-01
22690,drawing,2015-10-01,2020-10-01
22691,drawing,2015-10-01,2020-10-01
22692,drawing,2015-10-01,2020-10-01
22693,drawing,2015-10-01,2020-10-01
22694,drawing,2015-10-01,2020-10-01
22695,drawing,2015-10-01,2020-10-01
22696,drawing,2015-10-01,2020-10-01
22697,drawing,2015-10-01,2020-10-01
22698,drawing,2015-10-01,2020-10-01
22699,drawing,2015-10-01,2020-10-01
22700,drawing,2015-10-01,2020-10-01
22701,drawing,2015-10-01,2020-10-01
22702,drawing,2015-10-01,2020-10-01
22703,drawing,2015-10-01,2020-10-01
22704,drawing,2015-10-01,2020-10-01
22705,drawing,2015-10-01,2020-10-01
22706,drawing,2015-10-01,2020-10-01
22707,drawing,2015-10-01,2020-10-01
22708,drawing,2015-10-01,2020-10-01
22709,drawing,2015-10-01,2020-10-01
22710,drawing,2015-10-01,2020-10-01
22711,drawing,2015-10-01,2020-10-01
22712,drawing,2015-10-01,2020-10-01
22713,drawing,2015-10-01,2020-10-01
22714,drawing,2015-10-01,2020-10-01
22715,drawing,2015-10-01,2020-10-01
22716,drawing,2015-10-01,2020-10-01
22717,drawing,2015-10-01,2020-10-01
22718,drawing,2015-10-01,2020-10-01
22719,drawing,2015-10-01,2020-10-01
22720,drawing,2015-10-01,2020-10-01
22721,drawing,2015-10-01,2020-10-01
22722,drawing,2015-10-01,2020-10-01
22723,drawing,2015-10-01,2020-10-01
22724,drawing,2015-10-01,2020-10-01
22725,drawing,2015-10-01,2020-10-01
22726,drawing,2015-10-01,2020-10-01
22727,drawing,2015-10-01,2020-10-01
22728,drawing,2015-10-01,2020-10-01
22729,drawing,2015-10-01,2020-10-01
22730,drawing,2015-10-01,2020-10-01
22731,drawing,2015-10-01,2020-10-01
22732,drawing,2015-10-01,2020-10-01
22733,drawing,2015-10-01,2020-10-01
22734,drawing,2015-10-01,2020-10-01
22735,drawing,2015-10-01,2020-10-01
22736,drawing,2015-10-01,2020-10-01
22737,drawing,2015-10-01,2020-10-01
22738,drawing,2015-10-01,2020-10-01
22739,drawing,2015-10-01,2020-10-01
22740,drawing,2015-10-01,2020-10-01
22741,drawing,2015-10-01,2020-10-01
22742,drawing,2015-10-01,2020-10-01
22743,drawing,2015-10-01,2020-10-01
22744,drawing,2015-10-01,2020-10-01
22745,drawing,2015-10-01,2020-10-01
22746,drawing,2015-10-01,2020-10-01
22747,drawing,2015-10-01,2020-10-01
22748,drawing,2015-10-01,2020-10-01
22749,drawing,2015-10-01,2020-10-01
22750,drawing,2015-10-01,2020-10-01
22751,drawing,2015-10-01,2020-10-01
22752,drawing,2015-10-01,2020-10-01
22753,drawing,2015-10-01,2020-10-01
22754,drawing,2015-10-01,2020-10-01
22755,drawing,2015-10-01,2020-10-01
22756,drawing,2015-10-01,2020-10-01
22757,drawing,2015-10-01,2020-10-01
22758,drawing,2015-10-01,2020-10-01
22759,drawing,2015-10-01,2020-10-01
22760,drawing,2015-10-01,2020-10-01
22761,drawing,2015-10-01,2020-10-01
22762,drawing,2015-10-01,2020-10-01
22763,drawing,2015-10-01,2020-10-01
22764,drawing,2015-10-01,2020-10-01
22765,drawing,2015-10-01,2020-10-01
22766,drawing,2015-10-01,2020-10-01
22767,drawing,2015-10-01,2020-10-01
22768,drawing,2015-10-01,2020-10-01
22769,drawing,2015-10-01,2020-10-01
22770,drawing,2015-10-01,2020-10-01
22771,drawing,2015-10-01,2020-10-01
22772,drawing,2015-10-01,2020-10-01
22773,drawing,2015-10-01,2020-10-01
22774,drawing,2015-10-01,2020-10-01
22775,drawing,2015-10-01,2020-10-01
22776,drawing,2015-10-01,2020-10-01
22777,drawing,2015-10-01,2020-10-01
22778,drawing,2015-10-01,2020-10-01
22779,drawing,2015-10-01,2020-10-01
22780,drawing,2015-10-01,2020-10-01
22781,drawing,2015-10-01,2020-10-01
22782,drawing,2015-10-01,2020-10-01
,,,2020-10-01
,,,2020-10-01
,,,2020-10-01
,,,2020-10-01
,,,2020-10-01
,,,2020-10-01
,,,2020-10-01
,,,2020-10-01
,,,2020-10-01
,,,2020-10-01
,,,2020-10-01
,,,2020-10-01
,,,2020-10-01
,,,2020-10-01
,,,2020-10-01
,,,2020-10-01
,,,2020-10-01
,,,2020-10-01
,,,2020-10-01
,,,2020-10-01
,,,2020-10-01
,,,2020-10-01
,,,2020-10-01
,,,2020-10-01
,,,2020-10-01
,,,2020-10-01
,,,2020-10-01
,,,2020-10-01
,,,2020-10-01
,,,2020-10-01
,,,2020-10-01
,,,2020-10-01
,,,2020-10-01
,,,2020-10-01
,,,2020-10-01
,,,2020-10-01
,,,2020-10-01
,,,2020-10-01
,,,2020-10-01
,,,2020-10-01
,,,2020-10-01
,,,2020-10-01
,,,2020-10-01
,,,2020-10-01
,,,2020-10-01
,,,2020-10-01
,,,2020-10-01
,,,2020-10-01
,,,2020-10-01
,,,2020-10-01
,,,2020-10-01
,,,2020-10-01
,,,2020-10-01
,,,2020-10-01
,,,2020-10-01
,,,2020-10-01
,,,2020-10-01
,,,2020-10-01
,,,2020-10-01
,,,2020-10-01
,,,2020-10-01
,,,2020-10-01
,,,2020-10-01
,,,2020-10-01
,,,2020-10-01
,,,2020-10-01
,,,2020-10-01
,,,2020-10-01
,,,2020-10-01
,,,2020-10-01
,,,2020-10-01
,,,2020-10-01
,,,2020-10-01
,,,2020-10-01
,,,2020-10-01
,,,2020-10-01
,,,2020-10-01
,,,2020-10-01
